Quotazioni Immobiliari : Valori di Mercato - Semestre 2016/1 - elaborazione del 01-SET-20;;;;;;;;;;;;;;;;;;;;;
Area_territoriale;Regione;Prov;Comune_ISTAT;Comune_cat;Sez;Comune_amm;Comune_descrizione;Fascia;Zona;LinkZona;DescrZona;Cod_Tip;Descr_Tipologia;Stato;Stato_prev;Compr_min;Compr_max;Sup_NL_compr;Loc_min;Loc_max;Sup_NL_loc
NORD-OVEST;LOMBARDIA;MI;3015146;C1AA; ;F205;MILANO;B;B12;MI00003228;#N/D;20;Abitazioni civili;OTTIMO;;8900;11800;L;29,2;35,2;L
NORD-OVEST;LOMBARDIA;MI;3015146;C1AA; ;F205;MILANO;B;B12;MI00003228;#N/D;20;Abitazioni civili;NORMALE;P;7300;8900;L;22,7;29;L
NORD-OVEST;LOMBARDIA;MI;3015146;C1AA; ;F205;MILANO;B;B12;MI00003228;#N/D;21;Abitazioni di tipo economico;OTTIMO;;7700;8800;L;22;30;L
NORD-OVEST;LOMBARDIA;MI;3015146;C1AA; ;F205;MILANO;B;B12;MI00003228;#N/D;21;Abitazioni di tipo economico;NORMALE;P;6400;7600;L;17,8;21;L
NORD-OVEST;LOMBARDIA;MI;3015146;C1AA; ;F205;MILANO;B;B12;MI00003228;#N/D;19;Abitazioni signorili;OTTIMO;P;11700;13700;L;39;45;L
NORD-OVEST;LOMBARDIA;MI;3015146;C1AA; ;F205;MILANO;B;B12;MI00003228;#N/D;13;Box;NORMALE;P;4700;6600;L;14;20,2;L
NORD-OVEST;LOMBARDIA;MI;3015146;C1AA; ;F205;MILANO;B;B12;MI00003228;#N/D;9;Magazzini;NORMALE;P;2550;3300;L;14;18;L
NORD-OVEST;LOMBARDIA;MI;3015146;C1AA; ;F205;MILANO;B;B12;MI00003228;#N/D;5;Negozi;OTTIMO;;14900;21200;L;79;120;L
NORD-OVEST;LOMBARDIA;MI;3015146;C1AA; ;F205;MILANO;B;B12;MI00003228;#N/D;5;Negozi;NORMALE;P;9400;12600;L;41,8;58,2;L
NORD-OVEST;LOMBARDIA;MI;3015146;C1AA; ;F205;MILANO;B;B12;MI00003228;#N/D;6;Uffici;OTTIMO;P;6500;8200;L;25,5;35,3;L
NORD-OVEST;LOMBARDIA;MI;3015146;C1AA; ;F205;MILANO;B;B12;MI00003228;#N/D;18;Uffici strutturati;OTTIMO;P;6700;9100;L;29;40;L
NORD-OVEST;LOMBARDIA;MI;3015146;C1AA; ;F205;MILANO;B;B12;MI00003228;#N/D;10;Laboratori;NORMALE;P;2700;3300;L;15;20,5;L
NORD-OVEST;LOMBARDIA;MI;3015146;C1AA; ;F205;MILANO;B;B13;MI00003232;'CENTRO STORICO -UNIVERSITA STATALE, SAN LORENZO';20;Abitazioni civili;OTTIMO;;6800;7800;L;18,2;24,8;L
NORD-OVEST;LOMBARDIA;MI;3015146;C1AA; ;F205;MILANO;B;B13;MI00003232;'CENTRO STORICO -UNIVERSITA STATALE, SAN LORENZO';20;Abitazioni civili;NORMALE;P;4800;6400;L;15,5;17,5;L
NORD-OVEST;LOMBARDIA;MI;3015146;C1AA; ;F205;MILANO;B;B13;MI00003232;'CENTRO STORICO -UNIVERSITA STATALE, SAN LORENZO';21;Abitazioni di tipo economico;NORMALE;P;4100;5000;L;13;16;L
NORD-OVEST;LOMBARDIA;MI;3015146;C1AA; ;F205;MILANO;B;B13;MI00003232;'CENTRO STORICO -UNIVERSITA STATALE, SAN LORENZO';21;Abitazioni di tipo economico;OTTIMO;;5300;6400;L;17;19;L
NORD-OVEST;LOMBARDIA;MI;3015146;C1AA; ;F205;MILANO;B;B13;MI00003232;'CENTRO STORICO -UNIVERSITA STATALE, SAN LORENZO';19;Abitazioni signorili;OTTIMO;P;8000;9100;L;22,5;26,5;L
NORD-OVEST;LOMBARDIA;MI;3015146;C1AA; ;F205;MILANO;B;B13;MI00003232;'CENTRO STORICO -UNIVERSITA STATALE, SAN LORENZO';13;Box;NORMALE;P;3300;4500;L;11;15;L
NORD-OVEST;LOMBARDIA;MI;3015146;C1AA; ;F205;MILANO;B;B13;MI00003232;'CENTRO STORICO -UNIVERSITA STATALE, SAN LORENZO';9;Magazzini;NORMALE;P;1700;2300;L;10;13;L
NORD-OVEST;LOMBARDIA;MI;3015146;C1AA; ;F205;MILANO;B;B13;MI00003232;'CENTRO STORICO -UNIVERSITA STATALE, SAN LORENZO';5;Negozi;OTTIMO;;5300;7400;L;28;37,5;L
NORD-OVEST;LOMBARDIA;MI;3015146;C1AA; ;F205;MILANO;B;B13;MI00003232;'CENTRO STORICO -UNIVERSITA STATALE, SAN LORENZO';5;Negozi;NORMALE;P;3600;5200;L;19,2;27,8;L
NORD-OVEST;LOMBARDIA;MI;3015146;C1AA; ;F205;MILANO;B;B13;MI00003232;'CENTRO STORICO -UNIVERSITA STATALE, SAN LORENZO';6;Uffici;OTTIMO;P;4500;5000;L;19,5;24,8;L
NORD-OVEST;LOMBARDIA;MI;3015146;C1AA; ;F205;MILANO;B;B13;MI00003232;'CENTRO STORICO -UNIVERSITA STATALE, SAN LORENZO';18;Uffici strutturati;OTTIMO;P;4600;5800;L;20;28;L
NORD-OVEST;LOMBARDIA;MI;3015146;C1AA; ;F205;MILANO;B;B13;MI00003232;'CENTRO STORICO -UNIVERSITA STATALE, SAN LORENZO';10;Laboratori;NORMALE;P;2200;2600;L;12;15;L
NORD-OVEST;LOMBARDIA;MI;3015146;C1AA; ;F205;MILANO;B;B15;MI00003544;'CENTRO STORICO - BRERA';20;Abitazioni civili;OTTIMO;;7900;9800;L;22,2;28,2;L
NORD-OVEST;LOMBARDIA;MI;3015146;C1AA; ;F205;MILANO;B;B15;MI00003544;'CENTRO STORICO - BRERA';20;Abitazioni civili;NORMALE;P;6300;7900;L;18,5;21,5;L
NORD-OVEST;LOMBARDIA;MI;3015146;C1AA; ;F205;MILANO;B;B15;MI00003544;'CENTRO STORICO - BRERA';21;Abitazioni di tipo economico;NORMALE;P;6000;6500;L;17;21;L
NORD-OVEST;LOMBARDIA;MI;3015146;C1AA; ;F205;MILANO;B;B15;MI00003544;'CENTRO STORICO - BRERA';21;Abitazioni di tipo economico;OTTIMO;;6700;7900;L;20,5;24,5;L
NORD-OVEST;LOMBARDIA;MI;3015146;C1AA; ;F205;MILANO;B;B15;MI00003544;'CENTRO STORICO - BRERA';19;Abitazioni signorili;OTTIMO;P;9800;11700;L;32;37,5;L
NORD-OVEST;LOMBARDIA;MI;3015146;C1AA; ;F205;MILANO;B;B15;MI00003544;'CENTRO STORICO - BRERA';13;Box;NORMALE;P;3900;5000;L;12;15;L
NORD-OVEST;LOMBARDIA;MI;3015146;C1AA; ;F205;MILANO;B;B15;MI00003544;'CENTRO STORICO - BRERA';9;Magazzini;NORMALE;P;1400;2000;L;7;10,5;L
NORD-OVEST;LOMBARDIA;MI;3015146;C1AA; ;F205;MILANO;B;B15;MI00003544;'CENTRO STORICO - BRERA';5;Negozi;OTTIMO;;6400;8300;L;29;42;L
NORD-OVEST;LOMBARDIA;MI;3015146;C1AA; ;F205;MILANO;B;B15;MI00003544;'CENTRO STORICO - BRERA';5;Negozi;NORMALE;P;4500;6300;L;21,5;29;L
NORD-OVEST;LOMBARDIA;MI;3015146;C1AA; ;F205;MILANO;B;B15;MI00003544;'CENTRO STORICO - BRERA';6;Uffici;OTTIMO;P;3800;4400;L;16;21;L
NORD-OVEST;LOMBARDIA;MI;3015146;C1AA; ;F205;MILANO;B;B15;MI00003544;'CENTRO STORICO - BRERA';18;Uffici strutturati;OTTIMO;P;4400;5300;L;21;23;L
NORD-OVEST;LOMBARDIA;MI;3015146;C1AA; ;F205;MILANO;B;B15;MI00003544;'CENTRO STORICO - BRERA';10;Laboratori;NORMALE;P;2500;3000;L;12;15;L
NORD-OVEST;LOMBARDIA;MI;3015146;C1AA; ;F205;MILANO;B;B16;MI00003545;'CENTRO STORICO -SANT`AMBROGIO, CADORNA, VIA DANTE';20;Abitazioni civili;OTTIMO;;7400;8900;L;22,3;24,8;L
NORD-OVEST;LOMBARDIA;MI;3015146;C1AA; ;F205;MILANO;B;B16;MI00003545;'CENTRO STORICO -SANT`AMBROGIO, CADORNA, VIA DANTE';20;Abitazioni civili;NORMALE;P;6300;7300;L;19,5;22,3;L
NORD-OVEST;LOMBARDIA;MI;3015146;C1AA; ;F205;MILANO;B;B16;MI00003545;'CENTRO STORICO -SANT`AMBROGIO, CADORNA, VIA DANTE';21;Abitazioni di tipo economico;NORMALE;P;5600;6400;L;16;18,5;L
NORD-OVEST;LOMBARDIA;MI;3015146;C1AA; ;F205;MILANO;B;B16;MI00003545;'CENTRO STORICO -SANT`AMBROGIO, CADORNA, VIA DANTE';21;Abitazioni di tipo economico;OTTIMO;;6400;7500;L;19;22,5;L
NORD-OVEST;LOMBARDIA;MI;3015146;C1AA; ;F205;MILANO;B;B16;MI00003545;'CENTRO STORICO -SANT`AMBROGIO, CADORNA, VIA DANTE';19;Abitazioni signorili;OTTIMO;P;9000;10500;L;25;35;L
NORD-OVEST;LOMBARDIA;MI;3015146;C1AA; ;F205;MILANO;B;B16;MI00003545;'CENTRO STORICO -SANT`AMBROGIO, CADORNA, VIA DANTE';13;Box;NORMALE;P;3900;5000;L;12,5;16,5;L
NORD-OVEST;LOMBARDIA;MI;3015146;C1AA; ;F205;MILANO;B;B16;MI00003545;'CENTRO STORICO -SANT`AMBROGIO, CADORNA, VIA DANTE';9;Magazzini;NORMALE;P;1500;2100;L;10;13;L
NORD-OVEST;LOMBARDIA;MI;3015146;C1AA; ;F205;MILANO;B;B16;MI00003545;'CENTRO STORICO -SANT`AMBROGIO, CADORNA, VIA DANTE';5;Negozi;OTTIMO;;5400;7900;L;27,5;39;L
NORD-OVEST;LOMBARDIA;MI;3015146;C1AA; ;F205;MILANO;B;B16;MI00003545;'CENTRO STORICO -SANT`AMBROGIO, CADORNA, VIA DANTE';5;Negozi;NORMALE;P;4200;5300;L;19,2;27,2;L
NORD-OVEST;LOMBARDIA;MI;3015146;C1AA; ;F205;MILANO;B;B16;MI00003545;'CENTRO STORICO -SANT`AMBROGIO, CADORNA, VIA DANTE';6;Uffici;OTTIMO;P;3800;4500;L;15,8;20,2;L
NORD-OVEST;LOMBARDIA;MI;3015146;C1AA; ;F205;MILANO;B;B16;MI00003545;'CENTRO STORICO -SANT`AMBROGIO, CADORNA, VIA DANTE';18;Uffici strutturati;OTTIMO;P;4600;5500;L;20;23,5;L
NORD-OVEST;LOMBARDIA;MI;3015146;C1AA; ;F205;MILANO;B;B16;MI00003545;'CENTRO STORICO -SANT`AMBROGIO, CADORNA, VIA DANTE';10;Laboratori;NORMALE;P;2400;3000;L;12;15;L
NORD-OVEST;LOMBARDIA;MI;3015146;C1AA; ;F205;MILANO;B;B17;MI00004767;'PARCO SEMPIONE, ARCO DELLA PACE, CORSO MAGENTA';20;Abitazioni civili;NORMALE;P;4000;5500;L;12,9;16,2;L
NORD-OVEST;LOMBARDIA;MI;3015146;C1AA; ;F205;MILANO;B;B17;MI00004767;'PARCO SEMPIONE, ARCO DELLA PACE, CORSO MAGENTA';20;Abitazioni civili;OTTIMO;;5500;7600;L;17,6;23,7;L
NORD-OVEST;LOMBARDIA;MI;3015146;C1AA; ;F205;MILANO;B;B17;MI00004767;'PARCO SEMPIONE, ARCO DELLA PACE, CORSO MAGENTA';21;Abitazioni di tipo economico;OTTIMO;;3700;5000;L;12,5;17;L
NORD-OVEST;LOMBARDIA;MI;3015146;C1AA; ;F205;MILANO;B;B17;MI00004767;'PARCO SEMPIONE, ARCO DELLA PACE, CORSO MAGENTA';21;Abitazioni di tipo economico;NORMALE;P;2950;3800;L;11;12,5;L
NORD-OVEST;LOMBARDIA;MI;3015146;C1AA; ;F205;MILANO;B;B17;MI00004767;'PARCO SEMPIONE, ARCO DELLA PACE, CORSO MAGENTA';19;Abitazioni signorili;OTTIMO;P;7800;10800;L;25,8;27,8;L
NORD-OVEST;LOMBARDIA;MI;3015146;C1AA; ;F205;MILANO;B;B17;MI00004767;'PARCO SEMPIONE, ARCO DELLA PACE, CORSO MAGENTA';13;Box;NORMALE;P;2400;3300;L;9;12,8;L
NORD-OVEST;LOMBARDIA;MI;3015146;C1AA; ;F205;MILANO;B;B17;MI00004767;'PARCO SEMPIONE, ARCO DELLA PACE, CORSO MAGENTA';9;Magazzini;NORMALE;P;900;1200;L;4,8;6,6;L
NORD-OVEST;LOMBARDIA;MI;3015146;C1AA; ;F205;MILANO;B;B17;MI00004767;'PARCO SEMPIONE, ARCO DELLA PACE, CORSO MAGENTA';5;Negozi;NORMALE;P;3500;4800;L;15;21,8;L
NORD-OVEST;LOMBARDIA;MI;3015146;C1AA; ;F205;MILANO;B;B17;MI00004767;'PARCO SEMPIONE, ARCO DELLA PACE, CORSO MAGENTA';6;Uffici;OTTIMO;P;3500;4600;L;15;18,3;L
NORD-OVEST;LOMBARDIA;MI;3015146;C1AA; ;F205;MILANO;B;B17;MI00004767;'PARCO SEMPIONE, ARCO DELLA PACE, CORSO MAGENTA';18;Uffici strutturati;OTTIMO;P;3900;5000;L;18,5;25,5;L
NORD-OVEST;LOMBARDIA;MI;3015146;C1AA; ;F205;MILANO;B;B17;MI00004767;'PARCO SEMPIONE, ARCO DELLA PACE, CORSO MAGENTA';10;Laboratori;NORMALE;P;1500;1800;L;8;9,8;L
NORD-OVEST;LOMBARDIA;MI;3015146;C1AA; ;F205;MILANO;B;B18;MI00004768;'TURATI, MOSCOVA, CORSO VENEZIA';20;Abitazioni civili;OTTIMO;;6100;8400;L;21,2;24,8;L
NORD-OVEST;LOMBARDIA;MI;3015146;C1AA; ;F205;MILANO;B;B18;MI00004768;'TURATI, MOSCOVA, CORSO VENEZIA';20;Abitazioni civili;NORMALE;P;4500;6100;L;15,5;21;L
NORD-OVEST;LOMBARDIA;MI;3015146;C1AA; ;F205;MILANO;B;B18;MI00004768;'TURATI, MOSCOVA, CORSO VENEZIA';21;Abitazioni di tipo economico;NORMALE;;3600;4400;L;13;15;L
NORD-OVEST;LOMBARDIA;MI;3015146;C1AA; ;F205;MILANO;B;B18;MI00004768;'TURATI, MOSCOVA, CORSO VENEZIA';21;Abitazioni di tipo economico;OTTIMO;P;4400;5500;L;15,3;19,5;L
NORD-OVEST;LOMBARDIA;MI;3015146;C1AA; ;F205;MILANO;B;B18;MI00004768;'TURATI, MOSCOVA, CORSO VENEZIA';13;Box;NORMALE;P;2650;3700;L;8;12;L
NORD-OVEST;LOMBARDIA;MI;3015146;C1AA; ;F205;MILANO;B;B18;MI00004768;'TURATI, MOSCOVA, CORSO VENEZIA';9;Magazzini;NORMALE;P;1200;1500;L;6;7,3;L
NORD-OVEST;LOMBARDIA;MI;3015146;C1AA; ;F205;MILANO;B;B18;MI00004768;'TURATI, MOSCOVA, CORSO VENEZIA';5;Negozi;NORMALE;P;3800;5300;L;17;24;L
NORD-OVEST;LOMBARDIA;MI;3015146;C1AA; ;F205;MILANO;B;B18;MI00004768;'TURATI, MOSCOVA, CORSO VENEZIA';6;Uffici;OTTIMO;P;4200;5400;L;18,5;23;L
NORD-OVEST;LOMBARDIA;MI;3015146;C1AA; ;F205;MILANO;B;B18;MI00004768;'TURATI, MOSCOVA, CORSO VENEZIA';18;Uffici strutturati;OTTIMO;P;4100;5600;L;20,5;28;L
NORD-OVEST;LOMBARDIA;MI;3015146;C1AA; ;F205;MILANO;B;B18;MI00004768;'TURATI, MOSCOVA, CORSO VENEZIA';10;Laboratori;NORMALE;P;1950;2350;L;10;12;L
NORD-OVEST;LOMBARDIA;MI;3015146;C1AA; ;F205;MILANO;B;B19;MI00004769;'VENEZIA, PORTA VITTORIA, PORTA ROMANA';20;Abitazioni civili;OTTIMO;;6400;7700;L;19;23,5;L
NORD-OVEST;LOMBARDIA;MI;3015146;C1AA; ;F205;MILANO;B;B19;MI00004769;'VENEZIA, PORTA VITTORIA, PORTA ROMANA';20;Abitazioni civili;NORMALE;P;4900;6300;L;15;18;L
NORD-OVEST;LOMBARDIA;MI;3015146;C1AA; ;F205;MILANO;B;B19;MI00004769;'VENEZIA, PORTA VITTORIA, PORTA ROMANA';21;Abitazioni di tipo economico;NORMALE;P;4600;5000;L;14,2;15,2;L
NORD-OVEST;LOMBARDIA;MI;3015146;C1AA; ;F205;MILANO;B;B19;MI00004769;'VENEZIA, PORTA VITTORIA, PORTA ROMANA';21;Abitazioni di tipo economico;OTTIMO;;5000;5900;L;15,2;18,5;L
NORD-OVEST;LOMBARDIA;MI;3015146;C1AA; ;F205;MILANO;B;B19;MI00004769;'VENEZIA, PORTA VITTORIA, PORTA ROMANA';19;Abitazioni signorili;OTTIMO;P;7500;9700;L;23,7;28,2;L
NORD-OVEST;LOMBARDIA;MI;3015146;C1AA; ;F205;MILANO;B;B19;MI00004769;'VENEZIA, PORTA VITTORIA, PORTA ROMANA';13;Box;NORMALE;P;3600;5100;L;12;17,5;L
NORD-OVEST;LOMBARDIA;MI;3015146;C1AA; ;F205;MILANO;B;B19;MI00004769;'VENEZIA, PORTA VITTORIA, PORTA ROMANA';9;Magazzini;NORMALE;P;1000;1300;L;5;7;L
NORD-OVEST;LOMBARDIA;MI;3015146;C1AA; ;F205;MILANO;B;B19;MI00004769;'VENEZIA, PORTA VITTORIA, PORTA ROMANA';5;Negozi;OTTIMO;P;5100;7200;L;24,7;40,8;L
NORD-OVEST;LOMBARDIA;MI;3015146;C1AA; ;F205;MILANO;B;B19;MI00004769;'VENEZIA, PORTA VITTORIA, PORTA ROMANA';5;Negozi;NORMALE;;3700;5100;L;16;21,8;L
NORD-OVEST;LOMBARDIA;MI;3015146;C1AA; ;F205;MILANO;B;B19;MI00004769;'VENEZIA, PORTA VITTORIA, PORTA ROMANA';6;Uffici;OTTIMO;P;4500;5700;L;19;26;L
NORD-OVEST;LOMBARDIA;MI;3015146;C1AA; ;F205;MILANO;B;B19;MI00004769;'VENEZIA, PORTA VITTORIA, PORTA ROMANA';18;Uffici strutturati;OTTIMO;P;5300;6000;L;24,5;31;L
NORD-OVEST;LOMBARDIA;MI;3015146;C1AA; ;F205;MILANO;B;B19;MI00004769;'VENEZIA, PORTA VITTORIA, PORTA ROMANA';10;Laboratori;NORMALE;P;1600;2100;L;10;12,5;L
NORD-OVEST;LOMBARDIA;MI;3015146;C1AA; ;F205;MILANO;B;B20;MI00004770;'PORTA VIGENTINA, PORTA ROMANA';20;Abitazioni civili;OTTIMO;;5200;6700;L;18,7;23;L
NORD-OVEST;LOMBARDIA;MI;3015146;C1AA; ;F205;MILANO;B;B20;MI00004770;'PORTA VIGENTINA, PORTA ROMANA';20;Abitazioni civili;NORMALE;P;4500;5200;L;15;18,2;L
NORD-OVEST;LOMBARDIA;MI;3015146;C1AA; ;F205;MILANO;B;B20;MI00004770;'PORTA VIGENTINA, PORTA ROMANA';21;Abitazioni di tipo economico;NORMALE;P;3300;4200;L;12,2;13,2;L
NORD-OVEST;LOMBARDIA;MI;3015146;C1AA; ;F205;MILANO;B;B20;MI00004770;'PORTA VIGENTINA, PORTA ROMANA';21;Abitazioni di tipo economico;OTTIMO;;4200;5000;L;13,2;18;L
NORD-OVEST;LOMBARDIA;MI;3015146;C1AA; ;F205;MILANO;B;B20;MI00004770;'PORTA VIGENTINA, PORTA ROMANA';13;Box;NORMALE;P;2950;3800;L;13;17;L
NORD-OVEST;LOMBARDIA;MI;3015146;C1AA; ;F205;MILANO;B;B20;MI00004770;'PORTA VIGENTINA, PORTA ROMANA';9;Magazzini;NORMALE;P;700;1000;L;4;5;L
NORD-OVEST;LOMBARDIA;MI;3015146;C1AA; ;F205;MILANO;B;B20;MI00004770;'PORTA VIGENTINA, PORTA ROMANA';5;Negozi;NORMALE;P;2850;3700;L;13,5;17,2;L
NORD-OVEST;LOMBARDIA;MI;3015146;C1AA; ;F205;MILANO;B;B20;MI00004770;'PORTA VIGENTINA, PORTA ROMANA';6;Uffici;OTTIMO;P;2550;3500;L;12;14,5;L
NORD-OVEST;LOMBARDIA;MI;3015146;C1AA; ;F205;MILANO;B;B20;MI00004770;'PORTA VIGENTINA, PORTA ROMANA';18;Uffici strutturati;OTTIMO;P;2750;3600;L;14;17,5;L
NORD-OVEST;LOMBARDIA;MI;3015146;C1AA; ;F205;MILANO;B;B20;MI00004770;'PORTA VIGENTINA, PORTA ROMANA';10;Laboratori;NORMALE;P;1100;1800;L;5,8;9;L
NORD-OVEST;LOMBARDIA;MI;3015146;C1AA; ;F205;MILANO;B;B21;MI00004771;'PORTA TICINESE, PORTA GENOVA, VIA SAN VITTORE';20;Abitazioni civili;OTTIMO;;5100;6900;L;14,8;20,5;L
NORD-OVEST;LOMBARDIA;MI;3015146;C1AA; ;F205;MILANO;B;B21;MI00004771;'PORTA TICINESE, PORTA GENOVA, VIA SAN VITTORE';20;Abitazioni civili;NORMALE;P;4100;4900;L;12,3;14,2;L
NORD-OVEST;LOMBARDIA;MI;3015146;C1AA; ;F205;MILANO;B;B21;MI00004771;'PORTA TICINESE, PORTA GENOVA, VIA SAN VITTORE';21;Abitazioni di tipo economico;NORMALE;P;3200;3800;L;9,5;12;L
NORD-OVEST;LOMBARDIA;MI;3015146;C1AA; ;F205;MILANO;B;B21;MI00004771;'PORTA TICINESE, PORTA GENOVA, VIA SAN VITTORE';21;Abitazioni di tipo economico;OTTIMO;;3900;4600;L;12,7;13,8;L
NORD-OVEST;LOMBARDIA;MI;3015146;C1AA; ;F205;MILANO;B;B21;MI00004771;'PORTA TICINESE, PORTA GENOVA, VIA SAN VITTORE';13;Box;NORMALE;P;2100;2850;L;8,5;12;L
NORD-OVEST;LOMBARDIA;MI;3015146;C1AA; ;F205;MILANO;B;B21;MI00004771;'PORTA TICINESE, PORTA GENOVA, VIA SAN VITTORE';9;Magazzini;NORMALE;P;700;850;L;3,5;5;L
NORD-OVEST;LOMBARDIA;MI;3015146;C1AA; ;F205;MILANO;B;B21;MI00004771;'PORTA TICINESE, PORTA GENOVA, VIA SAN VITTORE';5;Negozi;NORMALE;P;2750;3500;L;13,8;17,2;L
NORD-OVEST;LOMBARDIA;MI;3015146;C1AA; ;F205;MILANO;B;B21;MI00004771;'PORTA TICINESE, PORTA GENOVA, VIA SAN VITTORE';6;Uffici;OTTIMO;P;2950;3700;L;13,8;17;L
NORD-OVEST;LOMBARDIA;MI;3015146;C1AA; ;F205;MILANO;B;B21;MI00004771;'PORTA TICINESE, PORTA GENOVA, VIA SAN VITTORE';18;Uffici strutturati;OTTIMO;P;3300;4300;L;16;22;L
NORD-OVEST;LOMBARDIA;MI;3015146;C1AA; ;F205;MILANO;B;B21;MI00004771;'PORTA TICINESE, PORTA GENOVA, VIA SAN VITTORE';10;Laboratori;NORMALE;P;1250;1700;L;6,8;9;L
NORD-OVEST;LOMBARDIA;MI;3015146;C1AA; ;F205;MILANO;C;C12;MI00000307;'PISANI, BUENOS AIRES, REGINA GIOVANNA';20;Abitazioni civili;OTTIMO;;5200;6100;L;17,5;19,5;L
NORD-OVEST;LOMBARDIA;MI;3015146;C1AA; ;F205;MILANO;C;C12;MI00000307;'PISANI, BUENOS AIRES, REGINA GIOVANNA';20;Abitazioni civili;NORMALE;P;3700;5100;L;13;17;L
NORD-OVEST;LOMBARDIA;MI;3015146;C1AA; ;F205;MILANO;C;C12;MI00000307;'PISANI, BUENOS AIRES, REGINA GIOVANNA';21;Abitazioni di tipo economico;OTTIMO;;3900;4800;L;11,5;16,5;L
NORD-OVEST;LOMBARDIA;MI;3015146;C1AA; ;F205;MILANO;C;C12;MI00000307;'PISANI, BUENOS AIRES, REGINA GIOVANNA';21;Abitazioni di tipo economico;NORMALE;P;3000;3900;L;10;11,5;L
NORD-OVEST;LOMBARDIA;MI;3015146;C1AA; ;F205;MILANO;C;C12;MI00000307;'PISANI, BUENOS AIRES, REGINA GIOVANNA';13;Box;NORMALE;P;2450;3500;L;10;13;L
NORD-OVEST;LOMBARDIA;MI;3015146;C1AA; ;F205;MILANO;C;C12;MI00000307;'PISANI, BUENOS AIRES, REGINA GIOVANNA';9;Magazzini;NORMALE;P;750;1050;L;4,2;5,8;L
NORD-OVEST;LOMBARDIA;MI;3015146;C1AA; ;F205;MILANO;C;C12;MI00000307;'PISANI, BUENOS AIRES, REGINA GIOVANNA';5;Negozi;OTTIMO;P;5800;8300;L;27;38;L
NORD-OVEST;LOMBARDIA;MI;3015146;C1AA; ;F205;MILANO;C;C12;MI00000307;'PISANI, BUENOS AIRES, REGINA GIOVANNA';5;Negozi;NORMALE;;2200;3200;L;9,5;14;L
NORD-OVEST;LOMBARDIA;MI;3015146;C1AA; ;F205;MILANO;C;C12;MI00000307;'PISANI, BUENOS AIRES, REGINA GIOVANNA';6;Uffici;OTTIMO;P;2900;3700;L;11;13,5;L
NORD-OVEST;LOMBARDIA;MI;3015146;C1AA; ;F205;MILANO;C;C12;MI00000307;'PISANI, BUENOS AIRES, REGINA GIOVANNA';18;Uffici strutturati;OTTIMO;P;3400;4600;L;15,5;23;L
NORD-OVEST;LOMBARDIA;MI;3015146;C1AA; ;F205;MILANO;C;C12;MI00000307;'PISANI, BUENOS AIRES, REGINA GIOVANNA';8;Capannoni industriali;NORMALE;P;900;1150;L;5;7;L
NORD-OVEST;LOMBARDIA;MI;3015146;C1AA; ;F205;MILANO;C;C12;MI00000307;'PISANI, BUENOS AIRES, REGINA GIOVANNA';7;Capannoni tipici;NORMALE;P;950;1250;L;5;7;L
NORD-OVEST;LOMBARDIA;MI;3015146;C1AA; ;F205;MILANO;C;C12;MI00000307;'PISANI, BUENOS AIRES, REGINA GIOVANNA';10;Laboratori;NORMALE;P;1250;1600;L;7;9,8;L
NORD-OVEST;LOMBARDIA;MI;3015146;C1AA; ;F205;MILANO;C;C13;MI00003667;'CITY LIFE';20;Abitazioni civili;OTTIMO;P;7000;9800;L;21;32;L
NORD-OVEST;LOMBARDIA;MI;3015146;C1AA; ;F205;MILANO;C;C13;MI00003667;'CITY LIFE';19;Abitazioni signorili;OTTIMO;P;9900;11700;L;33,5;39;L
NORD-OVEST;LOMBARDIA;MI;3015146;C1AA; ;F205;MILANO;C;C13;MI00003667;'CITY LIFE';13;Box;NORMALE;P;2500;3200;L;8;11;L
NORD-OVEST;LOMBARDIA;MI;3015146;C1AA; ;F205;MILANO;C;C14;MI00003668;'PORTA NUOVA';20;Abitazioni civili;OTTIMO;P;8100;11700;L;29;42;L
NORD-OVEST;LOMBARDIA;MI;3015146;C1AA; ;F205;MILANO;C;C14;MI00003668;'PORTA NUOVA';19;Abitazioni signorili;OTTIMO;P;11600;13600;L;42;49;L
NORD-OVEST;LOMBARDIA;MI;3015146;C1AA; ;F205;MILANO;C;C14;MI00003668;'PORTA NUOVA';13;Box;NORMALE;P;2500;3200;L;8;11;L
NORD-OVEST;LOMBARDIA;MI;3015146;C1AA; ;F205;MILANO;C;C15;MI00003669;'STAZIONE CENTRALE VIALE STELVIO';20;Abitazioni civili;OTTIMO;;3200;3900;L;9;12;L
NORD-OVEST;LOMBARDIA;MI;3015146;C1AA; ;F205;MILANO;C;C15;MI00003669;'STAZIONE CENTRALE VIALE STELVIO';20;Abitazioni civili;NORMALE;P;2500;3200;L;7,2;8,3;L
NORD-OVEST;LOMBARDIA;MI;3015146;C1AA; ;F205;MILANO;C;C15;MI00003669;'STAZIONE CENTRALE VIALE STELVIO';21;Abitazioni di tipo economico;NORMALE;P;1500;2100;L;4,5;5,5;L
NORD-OVEST;LOMBARDIA;MI;3015146;C1AA; ;F205;MILANO;C;C15;MI00003669;'STAZIONE CENTRALE VIALE STELVIO';21;Abitazioni di tipo economico;OTTIMO;;2100;2700;L;5,8;8;L
NORD-OVEST;LOMBARDIA;MI;3015146;C1AA; ;F205;MILANO;C;C15;MI00003669;'STAZIONE CENTRALE VIALE STELVIO';13;Box;NORMALE;P;1550;2300;L;6,8;9;L
NORD-OVEST;LOMBARDIA;MI;3015146;C1AA; ;F205;MILANO;C;C15;MI00003669;'STAZIONE CENTRALE VIALE STELVIO';1;Ville e Villini;NORMALE;P;2800;3400;L;7;9,5;L
NORD-OVEST;LOMBARDIA;MI;3015146;C1AA; ;F205;MILANO;C;C15;MI00003669;'STAZIONE CENTRALE VIALE STELVIO';1;Ville e Villini;OTTIMO;;3300;4300;L;9,3;12,3;L
NORD-OVEST;LOMBARDIA;MI;3015146;C1AA; ;F205;MILANO;C;C15;MI00003669;'STAZIONE CENTRALE VIALE STELVIO';9;Magazzini;NORMALE;P;750;900;L;3,5;4,7;L
NORD-OVEST;LOMBARDIA;MI;3015146;C1AA; ;F205;MILANO;C;C15;MI00003669;'STAZIONE CENTRALE VIALE STELVIO';5;Negozi;NORMALE;P;1950;2700;L;11,2;13,5;L
NORD-OVEST;LOMBARDIA;MI;3015146;C1AA; ;F205;MILANO;C;C15;MI00003669;'STAZIONE CENTRALE VIALE STELVIO';6;Uffici;OTTIMO;P;2200;2600;L;7,7;10,7;L
NORD-OVEST;LOMBARDIA;MI;3015146;C1AA; ;F205;MILANO;C;C15;MI00003669;'STAZIONE CENTRALE VIALE STELVIO';18;Uffici strutturati;OTTIMO;P;2400;3200;L;11,5;16;L
NORD-OVEST;LOMBARDIA;MI;3015146;C1AA; ;F205;MILANO;C;C15;MI00003669;'STAZIONE CENTRALE VIALE STELVIO';8;Capannoni industriali;NORMALE;P;900;1100;L;5;7;L
NORD-OVEST;LOMBARDIA;MI;3015146;C1AA; ;F205;MILANO;C;C15;MI00003669;'STAZIONE CENTRALE VIALE STELVIO';7;Capannoni tipici;NORMALE;P;900;1200;L;5;7;L
NORD-OVEST;LOMBARDIA;MI;3015146;C1AA; ;F205;MILANO;C;C15;MI00003669;'STAZIONE CENTRALE VIALE STELVIO';10;Laboratori;NORMALE;P;1200;1400;L;7;9;L
NORD-OVEST;LOMBARDIA;MI;3015146;C1AA; ;F205;MILANO;C;C16;MI00004772;'CENISIO, FARINI, SARPI';20;Abitazioni civili;OTTIMO;;3600;4400;L;10,5;13,5;L
NORD-OVEST;LOMBARDIA;MI;3015146;C1AA; ;F205;MILANO;C;C16;MI00004772;'CENISIO, FARINI, SARPI';20;Abitazioni civili;NORMALE;P;2450;3500;L;7,2;9,7;L
NORD-OVEST;LOMBARDIA;MI;3015146;C1AA; ;F205;MILANO;C;C16;MI00004772;'CENISIO, FARINI, SARPI';21;Abitazioni di tipo economico;OTTIMO;;2100;3000;L;7,5;10;L
NORD-OVEST;LOMBARDIA;MI;3015146;C1AA; ;F205;MILANO;C;C16;MI00004772;'CENISIO, FARINI, SARPI';21;Abitazioni di tipo economico;NORMALE;P;1700;2100;L;6;7;L
NORD-OVEST;LOMBARDIA;MI;3015146;C1AA; ;F205;MILANO;C;C16;MI00004772;'CENISIO, FARINI, SARPI';13;Box;NORMALE;P;2000;2700;L;7;9,5;L
NORD-OVEST;LOMBARDIA;MI;3015146;C1AA; ;F205;MILANO;C;C16;MI00004772;'CENISIO, FARINI, SARPI';9;Magazzini;NORMALE;P;750;1000;L;4;5,5;L
NORD-OVEST;LOMBARDIA;MI;3015146;C1AA; ;F205;MILANO;C;C16;MI00004772;'CENISIO, FARINI, SARPI';5;Negozi;NORMALE;P;2600;3300;L;11,3;14,3;L
NORD-OVEST;LOMBARDIA;MI;3015146;C1AA; ;F205;MILANO;C;C16;MI00004772;'CENISIO, FARINI, SARPI';6;Uffici;OTTIMO;P;2350;2800;L;11;12,5;L
NORD-OVEST;LOMBARDIA;MI;3015146;C1AA; ;F205;MILANO;C;C16;MI00004772;'CENISIO, FARINI, SARPI';18;Uffici strutturati;OTTIMO;P;2550;3300;L;12,5;16,5;L
NORD-OVEST;LOMBARDIA;MI;3015146;C1AA; ;F205;MILANO;C;C16;MI00004772;'CENISIO, FARINI, SARPI';8;Capannoni industriali;NORMALE;P;800;1000;L;4,5;5,5;L
NORD-OVEST;LOMBARDIA;MI;3015146;C1AA; ;F205;MILANO;C;C16;MI00004772;'CENISIO, FARINI, SARPI';7;Capannoni tipici;NORMALE;P;850;1050;L;5;6;L
NORD-OVEST;LOMBARDIA;MI;3015146;C1AA; ;F205;MILANO;C;C16;MI00004772;'CENISIO, FARINI, SARPI';10;Laboratori;NORMALE;P;1050;1450;L;5,5;8;L
NORD-OVEST;LOMBARDIA;MI;3015146;C1AA; ;F205;MILANO;C;C17;MI00004773;'SEMPIONE, PAGANO, WASHINGTON';20;Abitazioni civili;OTTIMO;;4100;5800;L;12,3;18,3;L
NORD-OVEST;LOMBARDIA;MI;3015146;C1AA; ;F205;MILANO;C;C17;MI00004773;'SEMPIONE, PAGANO, WASHINGTON';20;Abitazioni civili;NORMALE;P;3300;4000;L;11,3;12,3;L
NORD-OVEST;LOMBARDIA;MI;3015146;C1AA; ;F205;MILANO;C;C17;MI00004773;'SEMPIONE, PAGANO, WASHINGTON';21;Abitazioni di tipo economico;OTTIMO;;3200;3900;L;10;12;L
NORD-OVEST;LOMBARDIA;MI;3015146;C1AA; ;F205;MILANO;C;C17;MI00004773;'SEMPIONE, PAGANO, WASHINGTON';21;Abitazioni di tipo economico;NORMALE;P;2400;3200;L;8;10,5;L
NORD-OVEST;LOMBARDIA;MI;3015146;C1AA; ;F205;MILANO;C;C17;MI00004773;'SEMPIONE, PAGANO, WASHINGTON';19;Abitazioni signorili;OTTIMO;P;5600;6800;L;19;22,5;L
NORD-OVEST;LOMBARDIA;MI;3015146;C1AA; ;F205;MILANO;C;C17;MI00004773;'SEMPIONE, PAGANO, WASHINGTON';13;Box;NORMALE;P;2000;2900;L;6;9;L
NORD-OVEST;LOMBARDIA;MI;3015146;C1AA; ;F205;MILANO;C;C17;MI00004773;'SEMPIONE, PAGANO, WASHINGTON';1;Ville e Villini;OTTIMO;P;6000;7000;L;19,5;23;L
NORD-OVEST;LOMBARDIA;MI;3015146;C1AA; ;F205;MILANO;C;C17;MI00004773;'SEMPIONE, PAGANO, WASHINGTON';9;Magazzini;NORMALE;P;650;750;L;3;3,9;L
NORD-OVEST;LOMBARDIA;MI;3015146;C1AA; ;F205;MILANO;C;C17;MI00004773;'SEMPIONE, PAGANO, WASHINGTON';5;Negozi;NORMALE;P;2400;3600;L;13,3;17,8;L
NORD-OVEST;LOMBARDIA;MI;3015146;C1AA; ;F205;MILANO;C;C17;MI00004773;'SEMPIONE, PAGANO, WASHINGTON';6;Uffici;OTTIMO;P;2700;3300;L;11,5;14,5;L
NORD-OVEST;LOMBARDIA;MI;3015146;C1AA; ;F205;MILANO;C;C17;MI00004773;'SEMPIONE, PAGANO, WASHINGTON';18;Uffici strutturati;OTTIMO;P;2800;3500;L;13,3;19,3;L
NORD-OVEST;LOMBARDIA;MI;3015146;C1AA; ;F205;MILANO;C;C17;MI00004773;'SEMPIONE, PAGANO, WASHINGTON';8;Capannoni industriali;NORMALE;P;800;1000;L;4,5;6;L
NORD-OVEST;LOMBARDIA;MI;3015146;C1AA; ;F205;MILANO;C;C17;MI00004773;'SEMPIONE, PAGANO, WASHINGTON';7;Capannoni tipici;NORMALE;P;900;1150;L;4,7;6,7;L
NORD-OVEST;LOMBARDIA;MI;3015146;C1AA; ;F205;MILANO;C;C17;MI00004773;'SEMPIONE, PAGANO, WASHINGTON';10;Laboratori;NORMALE;P;900;1150;L;5,5;7,5;L
NORD-OVEST;LOMBARDIA;MI;3015146;C1AA; ;F205;MILANO;C;C18;MI00004774;'SOLARI, P.TA GENOVA, ASCANIO SFORZA';20;Abitazioni civili;OTTIMO;;3700;5100;L;11,5;13,8;L
NORD-OVEST;LOMBARDIA;MI;3015146;C1AA; ;F205;MILANO;C;C18;MI00004774;'SOLARI, P.TA GENOVA, ASCANIO SFORZA';20;Abitazioni civili;NORMALE;P;2650;3600;L;8,2;11;L
NORD-OVEST;LOMBARDIA;MI;3015146;C1AA; ;F205;MILANO;C;C18;MI00004774;'SOLARI, P.TA GENOVA, ASCANIO SFORZA';21;Abitazioni di tipo economico;OTTIMO;;2900;3500;L;8,7;10,5;L
NORD-OVEST;LOMBARDIA;MI;3015146;C1AA; ;F205;MILANO;C;C18;MI00004774;'SOLARI, P.TA GENOVA, ASCANIO SFORZA';21;Abitazioni di tipo economico;NORMALE;P;2300;3000;L;7;8;L
NORD-OVEST;LOMBARDIA;MI;3015146;C1AA; ;F205;MILANO;C;C18;MI00004774;'SOLARI, P.TA GENOVA, ASCANIO SFORZA';13;Box;NORMALE;P;1750;2600;L;8;11,8;L
NORD-OVEST;LOMBARDIA;MI;3015146;C1AA; ;F205;MILANO;C;C18;MI00004774;'SOLARI, P.TA GENOVA, ASCANIO SFORZA';9;Magazzini;NORMALE;P;650;800;L;3,5;4,5;L
NORD-OVEST;LOMBARDIA;MI;3015146;C1AA; ;F205;MILANO;C;C18;MI00004774;'SOLARI, P.TA GENOVA, ASCANIO SFORZA';5;Negozi;OTTIMO;P;3900;5200;L;17;25;L
NORD-OVEST;LOMBARDIA;MI;3015146;C1AA; ;F205;MILANO;C;C18;MI00004774;'SOLARI, P.TA GENOVA, ASCANIO SFORZA';5;Negozi;NORMALE;;1800;3400;L;8;15;L
NORD-OVEST;LOMBARDIA;MI;3015146;C1AA; ;F205;MILANO;C;C18;MI00004774;'SOLARI, P.TA GENOVA, ASCANIO SFORZA';6;Uffici;OTTIMO;P;2050;2350;L;8,3;10;L
NORD-OVEST;LOMBARDIA;MI;3015146;C1AA; ;F205;MILANO;C;C18;MI00004774;'SOLARI, P.TA GENOVA, ASCANIO SFORZA';18;Uffici strutturati;OTTIMO;P;2250;2700;L;12,2;16,3;L
NORD-OVEST;LOMBARDIA;MI;3015146;C1AA; ;F205;MILANO;C;C18;MI00004774;'SOLARI, P.TA GENOVA, ASCANIO SFORZA';8;Capannoni industriali;NORMALE;P;750;1000;L;4,5;6;L
NORD-OVEST;LOMBARDIA;MI;3015146;C1AA; ;F205;MILANO;C;C18;MI00004774;'SOLARI, P.TA GENOVA, ASCANIO SFORZA';7;Capannoni tipici;NORMALE;P;800;1100;L;4,8;6,5;L
NORD-OVEST;LOMBARDIA;MI;3015146;C1AA; ;F205;MILANO;C;C18;MI00004774;'SOLARI, P.TA GENOVA, ASCANIO SFORZA';10;Laboratori;NORMALE;P;1000;1350;L;6,2;8,1;L
NORD-OVEST;LOMBARDIA;MI;3015146;C1AA; ;F205;MILANO;C;C19;MI00004775;'TABACCHI, SARFATTI, CREMA';20;Abitazioni civili;OTTIMO;;3600;5100;L;10,5;15;L
NORD-OVEST;LOMBARDIA;MI;3015146;C1AA; ;F205;MILANO;C;C19;MI00004775;'TABACCHI, SARFATTI, CREMA';20;Abitazioni civili;NORMALE;P;2500;3500;L;8;10,5;L
NORD-OVEST;LOMBARDIA;MI;3015146;C1AA; ;F205;MILANO;C;C19;MI00004775;'TABACCHI, SARFATTI, CREMA';21;Abitazioni di tipo economico;OTTIMO;;2500;3400;L;7,5;10;L
NORD-OVEST;LOMBARDIA;MI;3015146;C1AA; ;F205;MILANO;C;C19;MI00004775;'TABACCHI, SARFATTI, CREMA';21;Abitazioni di tipo economico;NORMALE;P;2100;2400;L;6,5;7,5;L
NORD-OVEST;LOMBARDIA;MI;3015146;C1AA; ;F205;MILANO;C;C19;MI00004775;'TABACCHI, SARFATTI, CREMA';13;Box;NORMALE;P;1850;2650;L;7,5;11;L
NORD-OVEST;LOMBARDIA;MI;3015146;C1AA; ;F205;MILANO;C;C19;MI00004775;'TABACCHI, SARFATTI, CREMA';9;Magazzini;NORMALE;P;500;700;L;3;4;L
NORD-OVEST;LOMBARDIA;MI;3015146;C1AA; ;F205;MILANO;C;C19;MI00004775;'TABACCHI, SARFATTI, CREMA';5;Negozi;NORMALE;P;1900;2800;L;10;14,5;L
NORD-OVEST;LOMBARDIA;MI;3015146;C1AA; ;F205;MILANO;C;C19;MI00004775;'TABACCHI, SARFATTI, CREMA';6;Uffici;OTTIMO;P;2300;2500;L;10;11;L
NORD-OVEST;LOMBARDIA;MI;3015146;C1AA; ;F205;MILANO;C;C19;MI00004775;'TABACCHI, SARFATTI, CREMA';18;Uffici strutturati;OTTIMO;P;2300;3000;L;13;17;L
NORD-OVEST;LOMBARDIA;MI;3015146;C1AA; ;F205;MILANO;C;C19;MI00004775;'TABACCHI, SARFATTI, CREMA';8;Capannoni industriali;NORMALE;P;800;1000;L;4,7;5,8;L
NORD-OVEST;LOMBARDIA;MI;3015146;C1AA; ;F205;MILANO;C;C19;MI00004775;'TABACCHI, SARFATTI, CREMA';7;Capannoni tipici;NORMALE;P;800;1100;L;4,8;6,5;L
NORD-OVEST;LOMBARDIA;MI;3015146;C1AA; ;F205;MILANO;C;C19;MI00004775;'TABACCHI, SARFATTI, CREMA';10;Laboratori;NORMALE;P;1100;1350;L;5,8;7,8;L
NORD-OVEST;LOMBARDIA;MI;3015146;C1AA; ;F205;MILANO;C;C20;MI00004776;'LIBIA, ,XXII MARZO, INDIPENDENZA';20;Abitazioni civili;OTTIMO;;4400;6200;L;12,5;18,5;L
NORD-OVEST;LOMBARDIA;MI;3015146;C1AA; ;F205;MILANO;C;C20;MI00004776;'LIBIA, ,XXII MARZO, INDIPENDENZA';20;Abitazioni civili;NORMALE;P;3400;4300;L;10;12;L
NORD-OVEST;LOMBARDIA;MI;3015146;C1AA; ;F205;MILANO;C;C20;MI00004776;'LIBIA, ,XXII MARZO, INDIPENDENZA';21;Abitazioni di tipo economico;OTTIMO;;3600;4400;L;9,5;12;L
NORD-OVEST;LOMBARDIA;MI;3015146;C1AA; ;F205;MILANO;C;C20;MI00004776;'LIBIA, ,XXII MARZO, INDIPENDENZA';21;Abitazioni di tipo economico;NORMALE;P;2300;3500;L;6,8;9,5;L
NORD-OVEST;LOMBARDIA;MI;3015146;C1AA; ;F205;MILANO;C;C20;MI00004776;'LIBIA, ,XXII MARZO, INDIPENDENZA';13;Box;NORMALE;P;2350;3500;L;8;12;L
NORD-OVEST;LOMBARDIA;MI;3015146;C1AA; ;F205;MILANO;C;C20;MI00004776;'LIBIA, ,XXII MARZO, INDIPENDENZA';9;Magazzini;NORMALE;P;550;750;L;2,8;4;L
NORD-OVEST;LOMBARDIA;MI;3015146;C1AA; ;F205;MILANO;C;C20;MI00004776;'LIBIA, ,XXII MARZO, INDIPENDENZA';5;Negozi;NORMALE;P;2300;3300;L;10,5;15,5;L
NORD-OVEST;LOMBARDIA;MI;3015146;C1AA; ;F205;MILANO;C;C20;MI00004776;'LIBIA, ,XXII MARZO, INDIPENDENZA';6;Uffici;OTTIMO;P;2600;3700;L;9,5;14;L
NORD-OVEST;LOMBARDIA;MI;3015146;C1AA; ;F205;MILANO;C;C20;MI00004776;'LIBIA, ,XXII MARZO, INDIPENDENZA';18;Uffici strutturati;OTTIMO;P;2750;4000;L;13,5;19,5;L
NORD-OVEST;LOMBARDIA;MI;3015146;C1AA; ;F205;MILANO;C;C20;MI00004776;'LIBIA, ,XXII MARZO, INDIPENDENZA';8;Capannoni industriali;NORMALE;P;850;1050;L;5;6,2;L
NORD-OVEST;LOMBARDIA;MI;3015146;C1AA; ;F205;MILANO;C;C20;MI00004776;'LIBIA, ,XXII MARZO, INDIPENDENZA';7;Capannoni tipici;NORMALE;P;950;1200;L;5,2;6,4;L
NORD-OVEST;LOMBARDIA;MI;3015146;C1AA; ;F205;MILANO;C;C20;MI00004776;'LIBIA, ,XXII MARZO, INDIPENDENZA';10;Laboratori;NORMALE;P;1100;1400;L;6,2;8,4;L
NORD-OVEST;LOMBARDIA;MI;3015146;C1AA; ;F205;MILANO;D;D10;MI00000317;'PARCO LAMBRO, FELTRE, UDINE';20;Abitazioni civili;OTTIMO;;2700;3400;L;8,5;11;L
NORD-OVEST;LOMBARDIA;MI;3015146;C1AA; ;F205;MILANO;D;D10;MI00000317;'PARCO LAMBRO, FELTRE, UDINE';20;Abitazioni civili;NORMALE;P;2100;2600;L;6,8;8,2;L
NORD-OVEST;LOMBARDIA;MI;3015146;C1AA; ;F205;MILANO;D;D10;MI00000317;'PARCO LAMBRO, FELTRE, UDINE';21;Abitazioni di tipo economico;OTTIMO;;1750;2250;L;6,3;8,2;L
NORD-OVEST;LOMBARDIA;MI;3015146;C1AA; ;F205;MILANO;D;D10;MI00000317;'PARCO LAMBRO, FELTRE, UDINE';21;Abitazioni di tipo economico;NORMALE;P;1500;1700;L;4,6;6,3;L
NORD-OVEST;LOMBARDIA;MI;3015146;C1AA; ;F205;MILANO;D;D10;MI00000317;'PARCO LAMBRO, FELTRE, UDINE';13;Box;NORMALE;P;1600;1950;L;5,5;7,2;L
NORD-OVEST;LOMBARDIA;MI;3015146;C1AA; ;F205;MILANO;D;D10;MI00000317;'PARCO LAMBRO, FELTRE, UDINE';9;Magazzini;NORMALE;P;400;550;L;2,3;3,4;L
NORD-OVEST;LOMBARDIA;MI;3015146;C1AA; ;F205;MILANO;D;D10;MI00000317;'PARCO LAMBRO, FELTRE, UDINE';5;Negozi;NORMALE;P;1400;2300;L;6;9,8;L
NORD-OVEST;LOMBARDIA;MI;3015146;C1AA; ;F205;MILANO;D;D10;MI00000317;'PARCO LAMBRO, FELTRE, UDINE';6;Uffici;OTTIMO;P;1350;2200;L;7;10;L
NORD-OVEST;LOMBARDIA;MI;3015146;C1AA; ;F205;MILANO;D;D10;MI00000317;'PARCO LAMBRO, FELTRE, UDINE';18;Uffici strutturati;OTTIMO;P;1750;2500;L;10;15;L
NORD-OVEST;LOMBARDIA;MI;3015146;C1AA; ;F205;MILANO;D;D10;MI00000317;'PARCO LAMBRO, FELTRE, UDINE';8;Capannoni industriali;OTTIMO;P;750;900;L;4,2;5,2;L
NORD-OVEST;LOMBARDIA;MI;3015146;C1AA; ;F205;MILANO;D;D10;MI00000317;'PARCO LAMBRO, FELTRE, UDINE';7;Capannoni tipici;OTTIMO;P;750;950;L;4;5,5;L
NORD-OVEST;LOMBARDIA;MI;3015146;C1AA; ;F205;MILANO;D;D10;MI00000317;'PARCO LAMBRO, FELTRE, UDINE';10;Laboratori;NORMALE;P;750;850;L;4,5;5,2;L
NORD-OVEST;LOMBARDIA;MI;3015146;C1AA; ;F205;MILANO;D;D12;MI00000319;'PIOLA, ARGONNE, CORSICA';20;Abitazioni civili;OTTIMO;;3300;4100;L;10,3;13;L
NORD-OVEST;LOMBARDIA;MI;3015146;C1AA; ;F205;MILANO;D;D12;MI00000319;'PIOLA, ARGONNE, CORSICA';20;Abitazioni civili;NORMALE;P;2450;3300;L;7,8;10,2;L
NORD-OVEST;LOMBARDIA;MI;3015146;C1AA; ;F205;MILANO;D;D12;MI00000319;'PIOLA, ARGONNE, CORSICA';21;Abitazioni di tipo economico;OTTIMO;;2150;2650;L;7,2;7,8;L
NORD-OVEST;LOMBARDIA;MI;3015146;C1AA; ;F205;MILANO;D;D12;MI00000319;'PIOLA, ARGONNE, CORSICA';21;Abitazioni di tipo economico;NORMALE;P;2000;2150;L;6,2;7,2;L
NORD-OVEST;LOMBARDIA;MI;3015146;C1AA; ;F205;MILANO;D;D12;MI00000319;'PIOLA, ARGONNE, CORSICA';13;Box;NORMALE;P;1800;2500;L;8;11;L
NORD-OVEST;LOMBARDIA;MI;3015146;C1AA; ;F205;MILANO;D;D12;MI00000319;'PIOLA, ARGONNE, CORSICA';9;Magazzini;NORMALE;P;450;600;L;2,5;3,5;L
NORD-OVEST;LOMBARDIA;MI;3015146;C1AA; ;F205;MILANO;D;D12;MI00000319;'PIOLA, ARGONNE, CORSICA';5;Negozi;NORMALE;P;1600;2450;L;6,8;9,8;L
NORD-OVEST;LOMBARDIA;MI;3015146;C1AA; ;F205;MILANO;D;D12;MI00000319;'PIOLA, ARGONNE, CORSICA';6;Uffici;OTTIMO;P;1650;2400;L;8,5;11,5;L
NORD-OVEST;LOMBARDIA;MI;3015146;C1AA; ;F205;MILANO;D;D12;MI00000319;'PIOLA, ARGONNE, CORSICA';18;Uffici strutturati;OTTIMO;P;2100;2650;L;12;15,5;L
NORD-OVEST;LOMBARDIA;MI;3015146;C1AA; ;F205;MILANO;D;D12;MI00000319;'PIOLA, ARGONNE, CORSICA';8;Capannoni industriali;OTTIMO;P;700;900;L;4,3;5,4;L
NORD-OVEST;LOMBARDIA;MI;3015146;C1AA; ;F205;MILANO;D;D12;MI00000319;'PIOLA, ARGONNE, CORSICA';7;Capannoni tipici;OTTIMO;P;700;950;L;4,3;5,5;L
NORD-OVEST;LOMBARDIA;MI;3015146;C1AA; ;F205;MILANO;D;D12;MI00000319;'PIOLA, ARGONNE, CORSICA';10;Laboratori;NORMALE;P;700;900;L;4;5,8;L
NORD-OVEST;LOMBARDIA;MI;3015146;C1AA; ;F205;MILANO;D;D13;MI00000320;'LAMBRATE, RUBATTINO, ROMBON';20;Abitazioni civili;OTTIMO;;2300;3100;L;6,9;9,2;L
NORD-OVEST;LOMBARDIA;MI;3015146;C1AA; ;F205;MILANO;D;D13;MI00000320;'LAMBRATE, RUBATTINO, ROMBON';20;Abitazioni civili;NORMALE;P;1800;2250;L;5,2;6,7;L
NORD-OVEST;LOMBARDIA;MI;3015146;C1AA; ;F205;MILANO;D;D13;MI00000320;'LAMBRATE, RUBATTINO, ROMBON';21;Abitazioni di tipo economico;OTTIMO;;1900;2250;L;5,2;6,2;L
NORD-OVEST;LOMBARDIA;MI;3015146;C1AA; ;F205;MILANO;D;D13;MI00000320;'LAMBRATE, RUBATTINO, ROMBON';21;Abitazioni di tipo economico;NORMALE;P;1500;1850;L;4,5;5;L
NORD-OVEST;LOMBARDIA;MI;3015146;C1AA; ;F205;MILANO;D;D13;MI00000320;'LAMBRATE, RUBATTINO, ROMBON';13;Box;NORMALE;P;1500;2000;L;5,8;7,8;L
NORD-OVEST;LOMBARDIA;MI;3015146;C1AA; ;F205;MILANO;D;D13;MI00000320;'LAMBRATE, RUBATTINO, ROMBON';9;Magazzini;NORMALE;P;400;500;L;2;3;L
NORD-OVEST;LOMBARDIA;MI;3015146;C1AA; ;F205;MILANO;D;D13;MI00000320;'LAMBRATE, RUBATTINO, ROMBON';5;Negozi;NORMALE;P;1400;2000;L;6,3;8,3;L
NORD-OVEST;LOMBARDIA;MI;3015146;C1AA; ;F205;MILANO;D;D13;MI00000320;'LAMBRATE, RUBATTINO, ROMBON';6;Uffici;OTTIMO;P;1500;2000;L;6,3;8,5;L
NORD-OVEST;LOMBARDIA;MI;3015146;C1AA; ;F205;MILANO;D;D13;MI00000320;'LAMBRATE, RUBATTINO, ROMBON';18;Uffici strutturati;OTTIMO;P;1600;2200;L;9,5;13;L
NORD-OVEST;LOMBARDIA;MI;3015146;C1AA; ;F205;MILANO;D;D13;MI00000320;'LAMBRATE, RUBATTINO, ROMBON';8;Capannoni industriali;OTTIMO;P;750;900;L;4,4;5;L
NORD-OVEST;LOMBARDIA;MI;3015146;C1AA; ;F205;MILANO;D;D13;MI00000320;'LAMBRATE, RUBATTINO, ROMBON';7;Capannoni tipici;OTTIMO;P;800;1000;L;4,3;5,3;L
NORD-OVEST;LOMBARDIA;MI;3015146;C1AA; ;F205;MILANO;D;D13;MI00000320;'LAMBRATE, RUBATTINO, ROMBON';10;Laboratori;NORMALE;P;700;900;L;3,7;4,8;L
NORD-OVEST;LOMBARDIA;MI;3015146;C1AA; ;F205;MILANO;D;D15;MI00000322;'FORLANINI, MECENATE, ORTOMERCATO, SANTA GIULIA';20;Abitazioni civili;OTTIMO;;2500;3200;L;7,2;10;L
NORD-OVEST;LOMBARDIA;MI;3015146;C1AA; ;F205;MILANO;D;D15;MI00000322;'FORLANINI, MECENATE, ORTOMERCATO, SANTA GIULIA';20;Abitazioni civili;NORMALE;P;1800;2400;L;6;7;L
NORD-OVEST;LOMBARDIA;MI;3015146;C1AA; ;F205;MILANO;D;D15;MI00000322;'FORLANINI, MECENATE, ORTOMERCATO, SANTA GIULIA';21;Abitazioni di tipo economico;OTTIMO;;1350;2100;L;4,2;6;L
NORD-OVEST;LOMBARDIA;MI;3015146;C1AA; ;F205;MILANO;D;D15;MI00000322;'FORLANINI, MECENATE, ORTOMERCATO, SANTA GIULIA';21;Abitazioni di tipo economico;NORMALE;P;1200;1300;L;3,2;4;L
NORD-OVEST;LOMBARDIA;MI;3015146;C1AA; ;F205;MILANO;D;D15;MI00000322;'FORLANINI, MECENATE, ORTOMERCATO, SANTA GIULIA';13;Box;NORMALE;P;1450;2050;L;6,2;9,2;L
NORD-OVEST;LOMBARDIA;MI;3015146;C1AA; ;F205;MILANO;D;D15;MI00000322;'FORLANINI, MECENATE, ORTOMERCATO, SANTA GIULIA';9;Magazzini;NORMALE;P;450;600;L;2,5;3,5;L
NORD-OVEST;LOMBARDIA;MI;3015146;C1AA; ;F205;MILANO;D;D15;MI00000322;'FORLANINI, MECENATE, ORTOMERCATO, SANTA GIULIA';5;Negozi;NORMALE;P;1450;2150;L;6,5;9,5;L
NORD-OVEST;LOMBARDIA;MI;3015146;C1AA; ;F205;MILANO;D;D15;MI00000322;'FORLANINI, MECENATE, ORTOMERCATO, SANTA GIULIA';6;Uffici;OTTIMO;P;1450;1850;L;5,8;7,5;L
NORD-OVEST;LOMBARDIA;MI;3015146;C1AA; ;F205;MILANO;D;D15;MI00000322;'FORLANINI, MECENATE, ORTOMERCATO, SANTA GIULIA';18;Uffici strutturati;OTTIMO;P;1900;2550;L;10,9;13,4;L
NORD-OVEST;LOMBARDIA;MI;3015146;C1AA; ;F205;MILANO;D;D15;MI00000322;'FORLANINI, MECENATE, ORTOMERCATO, SANTA GIULIA';8;Capannoni industriali;OTTIMO;P;700;900;L;4;5,2;L
NORD-OVEST;LOMBARDIA;MI;3015146;C1AA; ;F205;MILANO;D;D15;MI00000322;'FORLANINI, MECENATE, ORTOMERCATO, SANTA GIULIA';7;Capannoni tipici;OTTIMO;P;700;950;L;4;5,5;L
NORD-OVEST;LOMBARDIA;MI;3015146;C1AA; ;F205;MILANO;D;D15;MI00000322;'FORLANINI, MECENATE, ORTOMERCATO, SANTA GIULIA';10;Laboratori;NORMALE;P;600;900;L;3,8;5,3;L
NORD-OVEST;LOMBARDIA;MI;3015146;C1AA; ;F205;MILANO;D;D16;MI00000323;'TITO LIVIO, TERTULLIANO, LONGANESI';20;Abitazioni civili;OTTIMO;;2900;4100;L;8;10,8;L
NORD-OVEST;LOMBARDIA;MI;3015146;C1AA; ;F205;MILANO;D;D16;MI00000323;'TITO LIVIO, TERTULLIANO, LONGANESI';20;Abitazioni civili;NORMALE;P;2150;2850;L;5,5;7,5;L
NORD-OVEST;LOMBARDIA;MI;3015146;C1AA; ;F205;MILANO;D;D16;MI00000323;'TITO LIVIO, TERTULLIANO, LONGANESI';21;Abitazioni di tipo economico;OTTIMO;;1850;2400;L;5,1;6,5;L
NORD-OVEST;LOMBARDIA;MI;3015146;C1AA; ;F205;MILANO;D;D16;MI00000323;'TITO LIVIO, TERTULLIANO, LONGANESI';21;Abitazioni di tipo economico;NORMALE;P;1700;1800;L;3,8;5;L
NORD-OVEST;LOMBARDIA;MI;3015146;C1AA; ;F205;MILANO;D;D16;MI00000323;'TITO LIVIO, TERTULLIANO, LONGANESI';13;Box;NORMALE;P;1750;2600;L;7,5;11;L
NORD-OVEST;LOMBARDIA;MI;3015146;C1AA; ;F205;MILANO;D;D16;MI00000323;'TITO LIVIO, TERTULLIANO, LONGANESI';9;Magazzini;NORMALE;P;400;550;L;2,4;3,2;L
NORD-OVEST;LOMBARDIA;MI;3015146;C1AA; ;F205;MILANO;D;D16;MI00000323;'TITO LIVIO, TERTULLIANO, LONGANESI';5;Negozi;NORMALE;P;1500;2200;L;7;10,8;L
NORD-OVEST;LOMBARDIA;MI;3015146;C1AA; ;F205;MILANO;D;D16;MI00000323;'TITO LIVIO, TERTULLIANO, LONGANESI';6;Uffici;OTTIMO;P;1600;2300;L;7,5;9,8;L
NORD-OVEST;LOMBARDIA;MI;3015146;C1AA; ;F205;MILANO;D;D16;MI00000323;'TITO LIVIO, TERTULLIANO, LONGANESI';18;Uffici strutturati;OTTIMO;P;1750;3000;L;9;15,5;L
NORD-OVEST;LOMBARDIA;MI;3015146;C1AA; ;F205;MILANO;D;D16;MI00000323;'TITO LIVIO, TERTULLIANO, LONGANESI';8;Capannoni industriali;OTTIMO;P;750;950;L;4,4;5,6;L
NORD-OVEST;LOMBARDIA;MI;3015146;C1AA; ;F205;MILANO;D;D16;MI00000323;'TITO LIVIO, TERTULLIANO, LONGANESI';7;Capannoni tipici;OTTIMO;P;750;1050;L;4;5,8;L
NORD-OVEST;LOMBARDIA;MI;3015146;C1AA; ;F205;MILANO;D;D16;MI00000323;'TITO LIVIO, TERTULLIANO, LONGANESI';10;Laboratori;NORMALE;P;700;900;L;3,6;4,8;L
NORD-OVEST;LOMBARDIA;MI;3015146;C1AA; ;F205;MILANO;D;D18;MI00000325;'MAROCCHETTI, VIGENTINO, CHIESA ROSSA';20;Abitazioni civili;OTTIMO;;2650;3100;L;7;9,3;L
NORD-OVEST;LOMBARDIA;MI;3015146;C1AA; ;F205;MILANO;D;D18;MI00000325;'MAROCCHETTI, VIGENTINO, CHIESA ROSSA';20;Abitazioni civili;NORMALE;P;1900;2550;L;6;6,8;L
NORD-OVEST;LOMBARDIA;MI;3015146;C1AA; ;F205;MILANO;D;D18;MI00000325;'MAROCCHETTI, VIGENTINO, CHIESA ROSSA';21;Abitazioni di tipo economico;OTTIMO;;1750;2400;L;4,6;6;L
NORD-OVEST;LOMBARDIA;MI;3015146;C1AA; ;F205;MILANO;D;D18;MI00000325;'MAROCCHETTI, VIGENTINO, CHIESA ROSSA';21;Abitazioni di tipo economico;NORMALE;P;1550;1700;L;4;4,5;L
NORD-OVEST;LOMBARDIA;MI;3015146;C1AA; ;F205;MILANO;D;D18;MI00000325;'MAROCCHETTI, VIGENTINO, CHIESA ROSSA';13;Box;NORMALE;P;1450;1900;L;5,3;7,8;L
NORD-OVEST;LOMBARDIA;MI;3015146;C1AA; ;F205;MILANO;D;D18;MI00000325;'MAROCCHETTI, VIGENTINO, CHIESA ROSSA';9;Magazzini;NORMALE;P;450;600;L;2,5;3,5;L
NORD-OVEST;LOMBARDIA;MI;3015146;C1AA; ;F205;MILANO;D;D18;MI00000325;'MAROCCHETTI, VIGENTINO, CHIESA ROSSA';5;Negozi;NORMALE;P;1300;1550;L;6,3;8,2;L
NORD-OVEST;LOMBARDIA;MI;3015146;C1AA; ;F205;MILANO;D;D18;MI00000325;'MAROCCHETTI, VIGENTINO, CHIESA ROSSA';6;Uffici;OTTIMO;P;1300;1750;L;6,7;8,7;L
NORD-OVEST;LOMBARDIA;MI;3015146;C1AA; ;F205;MILANO;D;D18;MI00000325;'MAROCCHETTI, VIGENTINO, CHIESA ROSSA';18;Uffici strutturati;OTTIMO;P;1650;2150;L;9,8;12;L
NORD-OVEST;LOMBARDIA;MI;3015146;C1AA; ;F205;MILANO;D;D18;MI00000325;'MAROCCHETTI, VIGENTINO, CHIESA ROSSA';8;Capannoni industriali;OTTIMO;P;800;950;L;4,6;6,2;L
NORD-OVEST;LOMBARDIA;MI;3015146;C1AA; ;F205;MILANO;D;D18;MI00000325;'MAROCCHETTI, VIGENTINO, CHIESA ROSSA';7;Capannoni tipici;OTTIMO;P;800;1000;L;4,5;6;L
NORD-OVEST;LOMBARDIA;MI;3015146;C1AA; ;F205;MILANO;D;D18;MI00000325;'MAROCCHETTI, VIGENTINO, CHIESA ROSSA';10;Laboratori;NORMALE;P;800;950;L;5,2;6;L
NORD-OVEST;LOMBARDIA;MI;3015146;C1AA; ;F205;MILANO;D;D20;MI00000327;'ORTLES, SPADOLINI, BAZZI';20;Abitazioni civili;OTTIMO;;2800;3800;L;9,5;13;L
NORD-OVEST;LOMBARDIA;MI;3015146;C1AA; ;F205;MILANO;D;D20;MI00000327;'ORTLES, SPADOLINI, BAZZI';20;Abitazioni civili;NORMALE;P;2200;2600;L;7;9;L
NORD-OVEST;LOMBARDIA;MI;3015146;C1AA; ;F205;MILANO;D;D20;MI00000327;'ORTLES, SPADOLINI, BAZZI';21;Abitazioni di tipo economico;OTTIMO;;2050;2500;L;6,7;8;L
NORD-OVEST;LOMBARDIA;MI;3015146;C1AA; ;F205;MILANO;D;D20;MI00000327;'ORTLES, SPADOLINI, BAZZI';21;Abitazioni di tipo economico;NORMALE;P;1500;2000;L;5;6,5;L
NORD-OVEST;LOMBARDIA;MI;3015146;C1AA; ;F205;MILANO;D;D20;MI00000327;'ORTLES, SPADOLINI, BAZZI';13;Box;NORMALE;P;1350;1850;L;5,8;8;L
NORD-OVEST;LOMBARDIA;MI;3015146;C1AA; ;F205;MILANO;D;D20;MI00000327;'ORTLES, SPADOLINI, BAZZI';9;Magazzini;NORMALE;P;400;550;L;2,5;3,5;L
NORD-OVEST;LOMBARDIA;MI;3015146;C1AA; ;F205;MILANO;D;D20;MI00000327;'ORTLES, SPADOLINI, BAZZI';5;Negozi;NORMALE;P;1100;1350;L;6;8;L
NORD-OVEST;LOMBARDIA;MI;3015146;C1AA; ;F205;MILANO;D;D20;MI00000327;'ORTLES, SPADOLINI, BAZZI';6;Uffici;OTTIMO;P;1300;1500;L;6,5;8,8;L
NORD-OVEST;LOMBARDIA;MI;3015146;C1AA; ;F205;MILANO;D;D20;MI00000327;'ORTLES, SPADOLINI, BAZZI';18;Uffici strutturati;OTTIMO;P;1600;1850;L;9;11;L
NORD-OVEST;LOMBARDIA;MI;3015146;C1AA; ;F205;MILANO;D;D20;MI00000327;'ORTLES, SPADOLINI, BAZZI';8;Capannoni industriali;OTTIMO;P;850;1000;L;4,8;6;L
NORD-OVEST;LOMBARDIA;MI;3015146;C1AA; ;F205;MILANO;D;D20;MI00000327;'ORTLES, SPADOLINI, BAZZI';7;Capannoni tipici;OTTIMO;P;900;1050;L;5;6,5;L
NORD-OVEST;LOMBARDIA;MI;3015146;C1AA; ;F205;MILANO;D;D20;MI00000327;'ORTLES, SPADOLINI, BAZZI';10;Laboratori;NORMALE;P;900;1000;L;4,5;6,5;L
NORD-OVEST;LOMBARDIA;MI;3015146;C1AA; ;F205;MILANO;D;D21;MI00000328;'BARONA, FAMAGOSTA, FAENZA';20;Abitazioni civili;OTTIMO;;2400;3300;L;10,5;14,3;L
NORD-OVEST;LOMBARDIA;MI;3015146;C1AA; ;F205;MILANO;D;D21;MI00000328;'BARONA, FAMAGOSTA, FAENZA';20;Abitazioni civili;NORMALE;P;2000;2400;L;8,2;10,3;L
NORD-OVEST;LOMBARDIA;MI;3015146;C1AA; ;F205;MILANO;D;D21;MI00000328;'BARONA, FAMAGOSTA, FAENZA';21;Abitazioni di tipo economico;OTTIMO;;2050;2300;L;7,2;9;L
NORD-OVEST;LOMBARDIA;MI;3015146;C1AA; ;F205;MILANO;D;D21;MI00000328;'BARONA, FAMAGOSTA, FAENZA';21;Abitazioni di tipo economico;NORMALE;P;1550;2050;L;5,8;7;L
NORD-OVEST;LOMBARDIA;MI;3015146;C1AA; ;F205;MILANO;D;D21;MI00000328;'BARONA, FAMAGOSTA, FAENZA';13;Box;NORMALE;P;1500;2150;L;6,5;9,5;L
NORD-OVEST;LOMBARDIA;MI;3015146;C1AA; ;F205;MILANO;D;D21;MI00000328;'BARONA, FAMAGOSTA, FAENZA';9;Magazzini;NORMALE;P;400;600;L;2,5;3,5;L
NORD-OVEST;LOMBARDIA;MI;3015146;C1AA; ;F205;MILANO;D;D21;MI00000328;'BARONA, FAMAGOSTA, FAENZA';5;Negozi;NORMALE;P;1300;1700;L;7,8;10,7;L
NORD-OVEST;LOMBARDIA;MI;3015146;C1AA; ;F205;MILANO;D;D21;MI00000328;'BARONA, FAMAGOSTA, FAENZA';6;Uffici;OTTIMO;P;1600;1900;L;8;9,5;L
NORD-OVEST;LOMBARDIA;MI;3015146;C1AA; ;F205;MILANO;D;D21;MI00000328;'BARONA, FAMAGOSTA, FAENZA';18;Uffici strutturati;OTTIMO;P;1700;2100;L;9,5;12,5;L
NORD-OVEST;LOMBARDIA;MI;3015146;C1AA; ;F205;MILANO;D;D21;MI00000328;'BARONA, FAMAGOSTA, FAENZA';8;Capannoni industriali;OTTIMO;P;800;950;L;4,6;6;L
NORD-OVEST;LOMBARDIA;MI;3015146;C1AA; ;F205;MILANO;D;D21;MI00000328;'BARONA, FAMAGOSTA, FAENZA';7;Capannoni tipici;OTTIMO;P;800;950;L;4,8;6;L
NORD-OVEST;LOMBARDIA;MI;3015146;C1AA; ;F205;MILANO;D;D21;MI00000328;'BARONA, FAMAGOSTA, FAENZA';10;Laboratori;NORMALE;P;800;1000;L;4,5;6;L
NORD-OVEST;LOMBARDIA;MI;3015146;C1AA; ;F205;MILANO;D;D24;MI00000331;'SEGESTA, ARETUSA, VESPRI SICILIANI';20;Abitazioni civili;OTTIMO;;2750;3700;L;10;13,5;L
NORD-OVEST;LOMBARDIA;MI;3015146;C1AA; ;F205;MILANO;D;D24;MI00000331;'SEGESTA, ARETUSA, VESPRI SICILIANI';20;Abitazioni civili;NORMALE;P;2000;2750;L;7,1;9,6;L
NORD-OVEST;LOMBARDIA;MI;3015146;C1AA; ;F205;MILANO;D;D24;MI00000331;'SEGESTA, ARETUSA, VESPRI SICILIANI';21;Abitazioni di tipo economico;OTTIMO;P;2200;2700;L;7,6;9,6;L
NORD-OVEST;LOMBARDIA;MI;3015146;C1AA; ;F205;MILANO;D;D24;MI00000331;'SEGESTA, ARETUSA, VESPRI SICILIANI';21;Abitazioni di tipo economico;NORMALE;;1600;2000;L;5,6;6,6;L
NORD-OVEST;LOMBARDIA;MI;3015146;C1AA; ;F205;MILANO;D;D24;MI00000331;'SEGESTA, ARETUSA, VESPRI SICILIANI';13;Box;NORMALE;P;1600;1800;L;7;8,2;L
NORD-OVEST;LOMBARDIA;MI;3015146;C1AA; ;F205;MILANO;D;D24;MI00000331;'SEGESTA, ARETUSA, VESPRI SICILIANI';9;Magazzini;NORMALE;P;350;500;L;2;3;L
NORD-OVEST;LOMBARDIA;MI;3015146;C1AA; ;F205;MILANO;D;D24;MI00000331;'SEGESTA, ARETUSA, VESPRI SICILIANI';5;Negozi;NORMALE;P;1300;2200;L;6,8;11;L
NORD-OVEST;LOMBARDIA;MI;3015146;C1AA; ;F205;MILANO;D;D24;MI00000331;'SEGESTA, ARETUSA, VESPRI SICILIANI';6;Uffici;OTTIMO;P;1500;2000;L;8;10,5;L
NORD-OVEST;LOMBARDIA;MI;3015146;C1AA; ;F205;MILANO;D;D24;MI00000331;'SEGESTA, ARETUSA, VESPRI SICILIANI';18;Uffici strutturati;NORMALE;P;1900;2700;L;11,3;16;L
NORD-OVEST;LOMBARDIA;MI;3015146;C1AA; ;F205;MILANO;D;D24;MI00000331;'SEGESTA, ARETUSA, VESPRI SICILIANI';8;Capannoni industriali;OTTIMO;P;700;850;L;4,2;5;L
NORD-OVEST;LOMBARDIA;MI;3015146;C1AA; ;F205;MILANO;D;D24;MI00000331;'SEGESTA, ARETUSA, VESPRI SICILIANI';7;Capannoni tipici;OTTIMO;P;700;900;L;4,3;5,5;L
NORD-OVEST;LOMBARDIA;MI;3015146;C1AA; ;F205;MILANO;D;D24;MI00000331;'SEGESTA, ARETUSA, VESPRI SICILIANI';10;Laboratori;NORMALE;P;650;850;L;4;5;L
NORD-OVEST;LOMBARDIA;MI;3015146;C1AA; ;F205;MILANO;D;D25;MI00000332;'LORENTEGGIO, INGANNI, BISCEGLIE, SAN CARLO B.';20;Abitazioni civili;OTTIMO;;2300;3000;L;8,7;11,5;L
NORD-OVEST;LOMBARDIA;MI;3015146;C1AA; ;F205;MILANO;D;D25;MI00000332;'LORENTEGGIO, INGANNI, BISCEGLIE, SAN CARLO B.';20;Abitazioni civili;NORMALE;P;1900;2300;L;7;8,3;L
NORD-OVEST;LOMBARDIA;MI;3015146;C1AA; ;F205;MILANO;D;D25;MI00000332;'LORENTEGGIO, INGANNI, BISCEGLIE, SAN CARLO B.';21;Abitazioni di tipo economico;OTTIMO;;1800;2200;L;7,2;8,5;L
NORD-OVEST;LOMBARDIA;MI;3015146;C1AA; ;F205;MILANO;D;D25;MI00000332;'LORENTEGGIO, INGANNI, BISCEGLIE, SAN CARLO B.';21;Abitazioni di tipo economico;NORMALE;P;1500;1800;L;5,8;7;L
NORD-OVEST;LOMBARDIA;MI;3015146;C1AA; ;F205;MILANO;D;D25;MI00000332;'LORENTEGGIO, INGANNI, BISCEGLIE, SAN CARLO B.';13;Box;NORMALE;P;1300;1700;L;5,6;7,5;L
NORD-OVEST;LOMBARDIA;MI;3015146;C1AA; ;F205;MILANO;D;D25;MI00000332;'LORENTEGGIO, INGANNI, BISCEGLIE, SAN CARLO B.';9;Magazzini;NORMALE;P;350;450;L;2;3;L
NORD-OVEST;LOMBARDIA;MI;3015146;C1AA; ;F205;MILANO;D;D25;MI00000332;'LORENTEGGIO, INGANNI, BISCEGLIE, SAN CARLO B.';5;Negozi;NORMALE;P;1100;1700;L;6,5;10;L
NORD-OVEST;LOMBARDIA;MI;3015146;C1AA; ;F205;MILANO;D;D25;MI00000332;'LORENTEGGIO, INGANNI, BISCEGLIE, SAN CARLO B.';6;Uffici;OTTIMO;P;1300;1700;L;6,5;8,5;L
NORD-OVEST;LOMBARDIA;MI;3015146;C1AA; ;F205;MILANO;D;D25;MI00000332;'LORENTEGGIO, INGANNI, BISCEGLIE, SAN CARLO B.';18;Uffici strutturati;OTTIMO;P;1850;2500;L;10;13;L
NORD-OVEST;LOMBARDIA;MI;3015146;C1AA; ;F205;MILANO;D;D25;MI00000332;'LORENTEGGIO, INGANNI, BISCEGLIE, SAN CARLO B.';8;Capannoni industriali;OTTIMO;P;750;900;L;4,2;5,6;L
NORD-OVEST;LOMBARDIA;MI;3015146;C1AA; ;F205;MILANO;D;D25;MI00000332;'LORENTEGGIO, INGANNI, BISCEGLIE, SAN CARLO B.';7;Capannoni tipici;OTTIMO;P;850;950;L;4,2;5,8;L
NORD-OVEST;LOMBARDIA;MI;3015146;C1AA; ;F205;MILANO;D;D25;MI00000332;'LORENTEGGIO, INGANNI, BISCEGLIE, SAN CARLO B.';10;Laboratori;NORMALE;P;550;700;L;3,2;4,5;L
NORD-OVEST;LOMBARDIA;MI;3015146;C1AA; ;F205;MILANO;D;D28;MI00000335;'IPPODROMO, CAPRILLI, MONTE STELLA';20;Abitazioni civili;OTTIMO;;3500;4500;L;11;15;L
NORD-OVEST;LOMBARDIA;MI;3015146;C1AA; ;F205;MILANO;D;D28;MI00000335;'IPPODROMO, CAPRILLI, MONTE STELLA';20;Abitazioni civili;NORMALE;P;2400;3500;L;8,5;10,5;L
NORD-OVEST;LOMBARDIA;MI;3015146;C1AA; ;F205;MILANO;D;D28;MI00000335;'IPPODROMO, CAPRILLI, MONTE STELLA';21;Abitazioni di tipo economico;NORMALE;P;2000;2450;L;7;8,5;L
NORD-OVEST;LOMBARDIA;MI;3015146;C1AA; ;F205;MILANO;D;D28;MI00000335;'IPPODROMO, CAPRILLI, MONTE STELLA';21;Abitazioni di tipo economico;OTTIMO;;2550;3200;L;9;11;L
NORD-OVEST;LOMBARDIA;MI;3015146;C1AA; ;F205;MILANO;D;D28;MI00000335;'IPPODROMO, CAPRILLI, MONTE STELLA';13;Box;NORMALE;P;1550;2200;L;7;9;L
NORD-OVEST;LOMBARDIA;MI;3015146;C1AA; ;F205;MILANO;D;D28;MI00000335;'IPPODROMO, CAPRILLI, MONTE STELLA';1;Ville e Villini;NORMALE;P;2900;3700;L;10;13;L
NORD-OVEST;LOMBARDIA;MI;3015146;C1AA; ;F205;MILANO;D;D28;MI00000335;'IPPODROMO, CAPRILLI, MONTE STELLA';1;Ville e Villini;OTTIMO;;3800;4800;L;13;17;L
NORD-OVEST;LOMBARDIA;MI;3015146;C1AA; ;F205;MILANO;D;D28;MI00000335;'IPPODROMO, CAPRILLI, MONTE STELLA';9;Magazzini;NORMALE;P;400;500;L;2,2;3;L
NORD-OVEST;LOMBARDIA;MI;3015146;C1AA; ;F205;MILANO;D;D28;MI00000335;'IPPODROMO, CAPRILLI, MONTE STELLA';5;Negozi;NORMALE;P;1200;1500;L;6;8;L
NORD-OVEST;LOMBARDIA;MI;3015146;C1AA; ;F205;MILANO;D;D28;MI00000335;'IPPODROMO, CAPRILLI, MONTE STELLA';6;Uffici;OTTIMO;P;1450;2300;L;7,2;10,6;L
NORD-OVEST;LOMBARDIA;MI;3015146;C1AA; ;F205;MILANO;D;D28;MI00000335;'IPPODROMO, CAPRILLI, MONTE STELLA';18;Uffici strutturati;NORMALE;P;2200;3000;L;11;16,2;L
NORD-OVEST;LOMBARDIA;MI;3015146;C1AA; ;F205;MILANO;D;D28;MI00000335;'IPPODROMO, CAPRILLI, MONTE STELLA';8;Capannoni industriali;OTTIMO;P;650;850;L;3,8;5,2;L
NORD-OVEST;LOMBARDIA;MI;3015146;C1AA; ;F205;MILANO;D;D28;MI00000335;'IPPODROMO, CAPRILLI, MONTE STELLA';7;Capannoni tipici;OTTIMO;P;650;900;L;3,9;5,3;L
NORD-OVEST;LOMBARDIA;MI;3015146;C1AA; ;F205;MILANO;D;D28;MI00000335;'IPPODROMO, CAPRILLI, MONTE STELLA';10;Laboratori;NORMALE;P;600;900;L;3,5;5,5;L
NORD-OVEST;LOMBARDIA;MI;3015146;C1AA; ;F205;MILANO;D;D30;MI00004777;'MUSOCCO, CERTOSA, EXPO, C.NA MERLATA';20;Abitazioni civili;OTTIMO;;2450;3000;L;8,2;10,8;L
NORD-OVEST;LOMBARDIA;MI;3015146;C1AA; ;F205;MILANO;D;D30;MI00004777;'MUSOCCO, CERTOSA, EXPO, C.NA MERLATA';20;Abitazioni civili;NORMALE;P;1750;2450;L;6;7,8;L
NORD-OVEST;LOMBARDIA;MI;3015146;C1AA; ;F205;MILANO;D;D30;MI00004777;'MUSOCCO, CERTOSA, EXPO, C.NA MERLATA';21;Abitazioni di tipo economico;OTTIMO;;1700;2350;L;5,9;7,9;L
NORD-OVEST;LOMBARDIA;MI;3015146;C1AA; ;F205;MILANO;D;D30;MI00004777;'MUSOCCO, CERTOSA, EXPO, C.NA MERLATA';21;Abitazioni di tipo economico;NORMALE;P;1400;1600;L;4,5;5,9;L
NORD-OVEST;LOMBARDIA;MI;3015146;C1AA; ;F205;MILANO;D;D30;MI00004777;'MUSOCCO, CERTOSA, EXPO, C.NA MERLATA';13;Box;NORMALE;P;1300;1600;L;5;6,8;L
NORD-OVEST;LOMBARDIA;MI;3015146;C1AA; ;F205;MILANO;D;D30;MI00004777;'MUSOCCO, CERTOSA, EXPO, C.NA MERLATA';9;Magazzini;NORMALE;P;500;700;L;3;4,2;L
NORD-OVEST;LOMBARDIA;MI;3015146;C1AA; ;F205;MILANO;D;D30;MI00004777;'MUSOCCO, CERTOSA, EXPO, C.NA MERLATA';5;Negozi;NORMALE;P;1250;1600;L;5,4;7,6;L
NORD-OVEST;LOMBARDIA;MI;3015146;C1AA; ;F205;MILANO;D;D30;MI00004777;'MUSOCCO, CERTOSA, EXPO, C.NA MERLATA';6;Uffici;OTTIMO;P;1300;1800;L;5,5;7,5;L
NORD-OVEST;LOMBARDIA;MI;3015146;C1AA; ;F205;MILANO;D;D30;MI00004777;'MUSOCCO, CERTOSA, EXPO, C.NA MERLATA';18;Uffici strutturati;OTTIMO;P;2000;2600;L;11;15;L
NORD-OVEST;LOMBARDIA;MI;3015146;C1AA; ;F205;MILANO;D;D30;MI00004777;'MUSOCCO, CERTOSA, EXPO, C.NA MERLATA';8;Capannoni industriali;OTTIMO;P;800;950;L;4,2;5;L
NORD-OVEST;LOMBARDIA;MI;3015146;C1AA; ;F205;MILANO;D;D30;MI00004777;'MUSOCCO, CERTOSA, EXPO, C.NA MERLATA';7;Capannoni tipici;OTTIMO;P;850;1000;L;4,5;5,5;L
NORD-OVEST;LOMBARDIA;MI;3015146;C1AA; ;F205;MILANO;D;D30;MI00004777;'MUSOCCO, CERTOSA, EXPO, C.NA MERLATA';10;Laboratori;NORMALE;P;700;900;L;4,8;6;L
NORD-OVEST;LOMBARDIA;MI;3015146;C1AA; ;F205;MILANO;D;D31;MI00004778;'BOVISA, BAUSAN, IMBONATI';20;Abitazioni civili;OTTIMO;;2550;3500;L;7,6;10,5;L
NORD-OVEST;LOMBARDIA;MI;3015146;C1AA; ;F205;MILANO;D;D31;MI00004778;'BOVISA, BAUSAN, IMBONATI';20;Abitazioni civili;NORMALE;P;1750;2450;L;5,2;7,3;L
NORD-OVEST;LOMBARDIA;MI;3015146;C1AA; ;F205;MILANO;D;D31;MI00004778;'BOVISA, BAUSAN, IMBONATI';21;Abitazioni di tipo economico;OTTIMO;;1700;2150;L;5;6,8;L
NORD-OVEST;LOMBARDIA;MI;3015146;C1AA; ;F205;MILANO;D;D31;MI00004778;'BOVISA, BAUSAN, IMBONATI';21;Abitazioni di tipo economico;NORMALE;P;1400;1700;L;4,2;4,9;L
NORD-OVEST;LOMBARDIA;MI;3015146;C1AA; ;F205;MILANO;D;D31;MI00004778;'BOVISA, BAUSAN, IMBONATI';13;Box;NORMALE;P;1500;1950;L;6;8;L
NORD-OVEST;LOMBARDIA;MI;3015146;C1AA; ;F205;MILANO;D;D31;MI00004778;'BOVISA, BAUSAN, IMBONATI';9;Magazzini;NORMALE;P;550;750;L;2,8;3,8;L
NORD-OVEST;LOMBARDIA;MI;3015146;C1AA; ;F205;MILANO;D;D31;MI00004778;'BOVISA, BAUSAN, IMBONATI';5;Negozi;NORMALE;P;1700;2300;L;7,5;10,5;L
NORD-OVEST;LOMBARDIA;MI;3015146;C1AA; ;F205;MILANO;D;D31;MI00004778;'BOVISA, BAUSAN, IMBONATI';6;Uffici;OTTIMO;P;1600;2100;L;6,2;8;L
NORD-OVEST;LOMBARDIA;MI;3015146;C1AA; ;F205;MILANO;D;D31;MI00004778;'BOVISA, BAUSAN, IMBONATI';18;Uffici strutturati;OTTIMO;P;2000;2600;L;10,7;14,7;L
NORD-OVEST;LOMBARDIA;MI;3015146;C1AA; ;F205;MILANO;D;D31;MI00004778;'BOVISA, BAUSAN, IMBONATI';8;Capannoni industriali;OTTIMO;P;800;950;L;4,5;5,5;L
NORD-OVEST;LOMBARDIA;MI;3015146;C1AA; ;F205;MILANO;D;D31;MI00004778;'BOVISA, BAUSAN, IMBONATI';7;Capannoni tipici;OTTIMO;P;850;1000;L;4,8;5,8;L
NORD-OVEST;LOMBARDIA;MI;3015146;C1AA; ;F205;MILANO;D;D31;MI00004778;'BOVISA, BAUSAN, IMBONATI';10;Laboratori;NORMALE;P;850;1150;L;4,6;6,4;L
NORD-OVEST;LOMBARDIA;MI;3015146;C1AA; ;F205;MILANO;D;D32;MI00004779;'BOVISASCA, AFFORI, P. ROSSI , COMASINA';20;Abitazioni civili;OTTIMO;;2400;3300;L;7,6;10,2;L
NORD-OVEST;LOMBARDIA;MI;3015146;C1AA; ;F205;MILANO;D;D32;MI00004779;'BOVISASCA, AFFORI, P. ROSSI , COMASINA';20;Abitazioni civili;NORMALE;P;1650;2300;L;5,5;7;L
NORD-OVEST;LOMBARDIA;MI;3015146;C1AA; ;F205;MILANO;D;D32;MI00004779;'BOVISASCA, AFFORI, P. ROSSI , COMASINA';21;Abitazioni di tipo economico;NORMALE;P;1450;1650;L;4,5;5,4;L
NORD-OVEST;LOMBARDIA;MI;3015146;C1AA; ;F205;MILANO;D;D32;MI00004779;'BOVISASCA, AFFORI, P. ROSSI , COMASINA';21;Abitazioni di tipo economico;OTTIMO;;1700;2300;L;5,5;7,5;L
NORD-OVEST;LOMBARDIA;MI;3015146;C1AA; ;F205;MILANO;D;D32;MI00004779;'BOVISASCA, AFFORI, P. ROSSI , COMASINA';13;Box;NORMALE;P;1350;1750;L;5,5;7,5;L
NORD-OVEST;LOMBARDIA;MI;3015146;C1AA; ;F205;MILANO;D;D32;MI00004779;'BOVISASCA, AFFORI, P. ROSSI , COMASINA';1;Ville e Villini;NORMALE;P;1900;2450;L;5,8;7,5;L
NORD-OVEST;LOMBARDIA;MI;3015146;C1AA; ;F205;MILANO;D;D32;MI00004779;'BOVISASCA, AFFORI, P. ROSSI , COMASINA';1;Ville e Villini;OTTIMO;;2450;3400;L;7,6;10,5;L
NORD-OVEST;LOMBARDIA;MI;3015146;C1AA; ;F205;MILANO;D;D32;MI00004779;'BOVISASCA, AFFORI, P. ROSSI , COMASINA';9;Magazzini;NORMALE;P;450;650;L;2,3;3,5;L
NORD-OVEST;LOMBARDIA;MI;3015146;C1AA; ;F205;MILANO;D;D32;MI00004779;'BOVISASCA, AFFORI, P. ROSSI , COMASINA';5;Negozi;NORMALE;P;1500;1900;L;7;8,5;L
NORD-OVEST;LOMBARDIA;MI;3015146;C1AA; ;F205;MILANO;D;D32;MI00004779;'BOVISASCA, AFFORI, P. ROSSI , COMASINA';6;Uffici;OTTIMO;P;1500;1950;L;6,2;8;L
NORD-OVEST;LOMBARDIA;MI;3015146;C1AA; ;F205;MILANO;D;D32;MI00004779;'BOVISASCA, AFFORI, P. ROSSI , COMASINA';18;Uffici strutturati;OTTIMO;P;1550;2400;L;8,7;12,5;L
NORD-OVEST;LOMBARDIA;MI;3015146;C1AA; ;F205;MILANO;D;D32;MI00004779;'BOVISASCA, AFFORI, P. ROSSI , COMASINA';8;Capannoni industriali;OTTIMO;P;800;950;L;4,4;5,2;L
NORD-OVEST;LOMBARDIA;MI;3015146;C1AA; ;F205;MILANO;D;D32;MI00004779;'BOVISASCA, AFFORI, P. ROSSI , COMASINA';7;Capannoni tipici;OTTIMO;P;850;1000;L;4,7;5,5;L
NORD-OVEST;LOMBARDIA;MI;3015146;C1AA; ;F205;MILANO;D;D32;MI00004779;'BOVISASCA, AFFORI, P. ROSSI , COMASINA';10;Laboratori;NORMALE;P;750;1000;L;4,4;5,6;L
NORD-OVEST;LOMBARDIA;MI;3015146;C1AA; ;F205;MILANO;D;D33;MI00004780;'NIGUARDA, BIGNAMI, PARCO NORD';20;Abitazioni civili;OTTIMO;;2550;3400;L;8;10,5;L
NORD-OVEST;LOMBARDIA;MI;3015146;C1AA; ;F205;MILANO;D;D33;MI00004780;'NIGUARDA, BIGNAMI, PARCO NORD';20;Abitazioni civili;NORMALE;P;1900;2400;L;6,1;7,5;L
NORD-OVEST;LOMBARDIA;MI;3015146;C1AA; ;F205;MILANO;D;D33;MI00004780;'NIGUARDA, BIGNAMI, PARCO NORD';21;Abitazioni di tipo economico;OTTIMO;;2100;2500;L;6,5;7,5;L
NORD-OVEST;LOMBARDIA;MI;3015146;C1AA; ;F205;MILANO;D;D33;MI00004780;'NIGUARDA, BIGNAMI, PARCO NORD';21;Abitazioni di tipo economico;NORMALE;P;1700;2000;L;5;6;L
NORD-OVEST;LOMBARDIA;MI;3015146;C1AA; ;F205;MILANO;D;D33;MI00004780;'NIGUARDA, BIGNAMI, PARCO NORD';13;Box;NORMALE;P;1400;2000;L;5;7;L
NORD-OVEST;LOMBARDIA;MI;3015146;C1AA; ;F205;MILANO;D;D33;MI00004780;'NIGUARDA, BIGNAMI, PARCO NORD';9;Magazzini;NORMALE;P;450;600;L;2,5;3,5;L
NORD-OVEST;LOMBARDIA;MI;3015146;C1AA; ;F205;MILANO;D;D33;MI00004780;'NIGUARDA, BIGNAMI, PARCO NORD';5;Negozi;NORMALE;P;1400;1900;L;6,5;9,1;L
NORD-OVEST;LOMBARDIA;MI;3015146;C1AA; ;F205;MILANO;D;D33;MI00004780;'NIGUARDA, BIGNAMI, PARCO NORD';6;Uffici;OTTIMO;P;1700;2000;L;6,7;7,7;L
NORD-OVEST;LOMBARDIA;MI;3015146;C1AA; ;F205;MILANO;D;D33;MI00004780;'NIGUARDA, BIGNAMI, PARCO NORD';18;Uffici strutturati;OTTIMO;P;2000;2500;L;10,3;13;L
NORD-OVEST;LOMBARDIA;MI;3015146;C1AA; ;F205;MILANO;D;D33;MI00004780;'NIGUARDA, BIGNAMI, PARCO NORD';8;Capannoni industriali;OTTIMO;P;800;1000;L;4,3;5,5;L
NORD-OVEST;LOMBARDIA;MI;3015146;C1AA; ;F205;MILANO;D;D33;MI00004780;'NIGUARDA, BIGNAMI, PARCO NORD';7;Capannoni tipici;OTTIMO;P;850;1150;L;4,4;5,8;L
NORD-OVEST;LOMBARDIA;MI;3015146;C1AA; ;F205;MILANO;D;D33;MI00004780;'NIGUARDA, BIGNAMI, PARCO NORD';10;Laboratori;NORMALE;P;800;1000;L;5;6,3;L
NORD-OVEST;LOMBARDIA;MI;3015146;C1AA; ;F205;MILANO;D;D34;MI00004781;'SARCA, BICOCCA';20;Abitazioni civili;OTTIMO;;2600;3500;L;8;11,5;L
NORD-OVEST;LOMBARDIA;MI;3015146;C1AA; ;F205;MILANO;D;D34;MI00004781;'SARCA, BICOCCA';20;Abitazioni civili;NORMALE;P;2000;2500;L;6;7,5;L
NORD-OVEST;LOMBARDIA;MI;3015146;C1AA; ;F205;MILANO;D;D34;MI00004781;'SARCA, BICOCCA';21;Abitazioni di tipo economico;OTTIMO;;2000;2600;L;6;8;L
NORD-OVEST;LOMBARDIA;MI;3015146;C1AA; ;F205;MILANO;D;D34;MI00004781;'SARCA, BICOCCA';21;Abitazioni di tipo economico;NORMALE;P;1500;2000;L;4,5;6;L
NORD-OVEST;LOMBARDIA;MI;3015146;C1AA; ;F205;MILANO;D;D34;MI00004781;'SARCA, BICOCCA';13;Box;NORMALE;P;1300;1800;L;4,5;6,5;L
NORD-OVEST;LOMBARDIA;MI;3015146;C1AA; ;F205;MILANO;D;D34;MI00004781;'SARCA, BICOCCA';9;Magazzini;NORMALE;P;600;800;L;3,2;4,4;L
NORD-OVEST;LOMBARDIA;MI;3015146;C1AA; ;F205;MILANO;D;D34;MI00004781;'SARCA, BICOCCA';5;Negozi;NORMALE;P;1300;1700;L;7,5;10;L
NORD-OVEST;LOMBARDIA;MI;3015146;C1AA; ;F205;MILANO;D;D34;MI00004781;'SARCA, BICOCCA';6;Uffici;OTTIMO;P;1550;2000;L;7,8;10;L
NORD-OVEST;LOMBARDIA;MI;3015146;C1AA; ;F205;MILANO;D;D34;MI00004781;'SARCA, BICOCCA';18;Uffici strutturati;OTTIMO;P;2250;3000;L;11,8;16,5;L
NORD-OVEST;LOMBARDIA;MI;3015146;C1AA; ;F205;MILANO;D;D34;MI00004781;'SARCA, BICOCCA';8;Capannoni industriali;OTTIMO;P;800;1050;L;4;5,5;L
NORD-OVEST;LOMBARDIA;MI;3015146;C1AA; ;F205;MILANO;D;D34;MI00004781;'SARCA, BICOCCA';7;Capannoni tipici;OTTIMO;P;850;1100;L;4,4;5,5;L
NORD-OVEST;LOMBARDIA;MI;3015146;C1AA; ;F205;MILANO;D;D34;MI00004781;'SARCA, BICOCCA';10;Laboratori;NORMALE;P;850;1000;L;4,5;6;L
NORD-OVEST;LOMBARDIA;MI;3015146;C1AA; ;F205;MILANO;D;D35;MI00004782;'MONZA, CRESCENZAGO, GORLA, QUARTIERE ADRIANO';20;Abitazioni civili;OTTIMO;;2350;3400;L;8;10,8;L
NORD-OVEST;LOMBARDIA;MI;3015146;C1AA; ;F205;MILANO;D;D35;MI00004782;'MONZA, CRESCENZAGO, GORLA, QUARTIERE ADRIANO';20;Abitazioni civili;NORMALE;P;1850;2350;L;6,5;7,8;L
NORD-OVEST;LOMBARDIA;MI;3015146;C1AA; ;F205;MILANO;D;D35;MI00004782;'MONZA, CRESCENZAGO, GORLA, QUARTIERE ADRIANO';21;Abitazioni di tipo economico;OTTIMO;;1800;2300;L;6,3;7,8;L
NORD-OVEST;LOMBARDIA;MI;3015146;C1AA; ;F205;MILANO;D;D35;MI00004782;'MONZA, CRESCENZAGO, GORLA, QUARTIERE ADRIANO';21;Abitazioni di tipo economico;NORMALE;P;1650;1800;L;5,2;6,2;L
NORD-OVEST;LOMBARDIA;MI;3015146;C1AA; ;F205;MILANO;D;D35;MI00004782;'MONZA, CRESCENZAGO, GORLA, QUARTIERE ADRIANO';13;Box;NORMALE;P;1400;2000;L;5,5;8;L
NORD-OVEST;LOMBARDIA;MI;3015146;C1AA; ;F205;MILANO;D;D35;MI00004782;'MONZA, CRESCENZAGO, GORLA, QUARTIERE ADRIANO';9;Magazzini;NORMALE;P;650;800;L;4;5;L
NORD-OVEST;LOMBARDIA;MI;3015146;C1AA; ;F205;MILANO;D;D35;MI00004782;'MONZA, CRESCENZAGO, GORLA, QUARTIERE ADRIANO';5;Negozi;NORMALE;P;1600;2300;L;7;10;L
NORD-OVEST;LOMBARDIA;MI;3015146;C1AA; ;F205;MILANO;D;D35;MI00004782;'MONZA, CRESCENZAGO, GORLA, QUARTIERE ADRIANO';6;Uffici;OTTIMO;P;1600;2150;L;7,2;9,5;L
NORD-OVEST;LOMBARDIA;MI;3015146;C1AA; ;F205;MILANO;D;D35;MI00004782;'MONZA, CRESCENZAGO, GORLA, QUARTIERE ADRIANO';18;Uffici strutturati;OTTIMO;P;2150;2700;L;11,2;14,2;L
NORD-OVEST;LOMBARDIA;MI;3015146;C1AA; ;F205;MILANO;D;D35;MI00004782;'MONZA, CRESCENZAGO, GORLA, QUARTIERE ADRIANO';8;Capannoni industriali;OTTIMO;P;800;1050;L;4,3;6;L
NORD-OVEST;LOMBARDIA;MI;3015146;C1AA; ;F205;MILANO;D;D35;MI00004782;'MONZA, CRESCENZAGO, GORLA, QUARTIERE ADRIANO';7;Capannoni tipici;OTTIMO;P;850;1100;L;4;5,8;L
NORD-OVEST;LOMBARDIA;MI;3015146;C1AA; ;F205;MILANO;D;D35;MI00004782;'MONZA, CRESCENZAGO, GORLA, QUARTIERE ADRIANO';10;Laboratori;NORMALE;P;900;1200;L;5;7,2;L
NORD-OVEST;LOMBARDIA;MI;3015146;C1AA; ;F205;MILANO;D;D36;MI00004783;'MAGGIOLINA, PARCO TROTTER, LEONCAVALLO';20;Abitazioni civili;OTTIMO;;2650;3500;L;9;11,5;L
NORD-OVEST;LOMBARDIA;MI;3015146;C1AA; ;F205;MILANO;D;D36;MI00004783;'MAGGIOLINA, PARCO TROTTER, LEONCAVALLO';20;Abitazioni civili;NORMALE;P;1900;2600;L;7;9;L
NORD-OVEST;LOMBARDIA;MI;3015146;C1AA; ;F205;MILANO;D;D36;MI00004783;'MAGGIOLINA, PARCO TROTTER, LEONCAVALLO';21;Abitazioni di tipo economico;OTTIMO;;2100;2600;L;7;9;L
NORD-OVEST;LOMBARDIA;MI;3015146;C1AA; ;F205;MILANO;D;D36;MI00004783;'MAGGIOLINA, PARCO TROTTER, LEONCAVALLO';21;Abitazioni di tipo economico;NORMALE;P;1600;1950;L;5,5;7;L
NORD-OVEST;LOMBARDIA;MI;3015146;C1AA; ;F205;MILANO;D;D36;MI00004783;'MAGGIOLINA, PARCO TROTTER, LEONCAVALLO';13;Box;NORMALE;P;1400;2000;L;6,2;9;L
NORD-OVEST;LOMBARDIA;MI;3015146;C1AA; ;F205;MILANO;D;D36;MI00004783;'MAGGIOLINA, PARCO TROTTER, LEONCAVALLO';9;Magazzini;NORMALE;P;600;850;L;3,5;5;L
NORD-OVEST;LOMBARDIA;MI;3015146;C1AA; ;F205;MILANO;D;D36;MI00004783;'MAGGIOLINA, PARCO TROTTER, LEONCAVALLO';5;Negozi;NORMALE;P;1300;1900;L;7,5;11;L
NORD-OVEST;LOMBARDIA;MI;3015146;C1AA; ;F205;MILANO;D;D36;MI00004783;'MAGGIOLINA, PARCO TROTTER, LEONCAVALLO';6;Uffici;OTTIMO;P;1600;2200;L;7;10;L
NORD-OVEST;LOMBARDIA;MI;3015146;C1AA; ;F205;MILANO;D;D36;MI00004783;'MAGGIOLINA, PARCO TROTTER, LEONCAVALLO';18;Uffici strutturati;OTTIMO;P;2000;2900;L;10;15;L
NORD-OVEST;LOMBARDIA;MI;3015146;C1AA; ;F205;MILANO;D;D36;MI00004783;'MAGGIOLINA, PARCO TROTTER, LEONCAVALLO';8;Capannoni industriali;OTTIMO;P;900;1000;L;5,2;5,8;L
NORD-OVEST;LOMBARDIA;MI;3015146;C1AA; ;F205;MILANO;D;D36;MI00004783;'MAGGIOLINA, PARCO TROTTER, LEONCAVALLO';7;Capannoni tipici;OTTIMO;P;900;1050;L;5,2;6;L
NORD-OVEST;LOMBARDIA;MI;3015146;C1AA; ;F205;MILANO;D;D36;MI00004783;'MAGGIOLINA, PARCO TROTTER, LEONCAVALLO';10;Laboratori;NORMALE;P;900;1200;L;5;7,2;L
NORD-OVEST;LOMBARDIA;MI;3015146;C1AA; ;F205;MILANO;E;E5;MI00004784;'BAGGIO, Q. ROMANO, MUGGIANO';20;Abitazioni civili;OTTIMO;;2250;2600;L;7;8,5;L
NORD-OVEST;LOMBARDIA;MI;3015146;C1AA; ;F205;MILANO;E;E5;MI00004784;'BAGGIO, Q. ROMANO, MUGGIANO';20;Abitazioni civili;NORMALE;P;1600;2200;L;5;7;L
NORD-OVEST;LOMBARDIA;MI;3015146;C1AA; ;F205;MILANO;E;E5;MI00004784;'BAGGIO, Q. ROMANO, MUGGIANO';21;Abitazioni di tipo economico;NORMALE;P;1450;1700;L;4,5;5;L
NORD-OVEST;LOMBARDIA;MI;3015146;C1AA; ;F205;MILANO;E;E5;MI00004784;'BAGGIO, Q. ROMANO, MUGGIANO';21;Abitazioni di tipo economico;OTTIMO;;1750;2050;L;6;7;L
NORD-OVEST;LOMBARDIA;MI;3015146;C1AA; ;F205;MILANO;E;E5;MI00004784;'BAGGIO, Q. ROMANO, MUGGIANO';13;Box;NORMALE;P;1200;1450;L;5;6;L
NORD-OVEST;LOMBARDIA;MI;3015146;C1AA; ;F205;MILANO;E;E5;MI00004784;'BAGGIO, Q. ROMANO, MUGGIANO';1;Ville e Villini;NORMALE;P;1800;2250;L;6;7,5;L
NORD-OVEST;LOMBARDIA;MI;3015146;C1AA; ;F205;MILANO;E;E5;MI00004784;'BAGGIO, Q. ROMANO, MUGGIANO';1;Ville e Villini;OTTIMO;;2350;2750;L;7,5;9,5;L
NORD-OVEST;LOMBARDIA;MI;3015146;C1AA; ;F205;MILANO;E;E5;MI00004784;'BAGGIO, Q. ROMANO, MUGGIANO';9;Magazzini;NORMALE;P;400;500;L;2;3;L
NORD-OVEST;LOMBARDIA;MI;3015146;C1AA; ;F205;MILANO;E;E5;MI00004784;'BAGGIO, Q. ROMANO, MUGGIANO';5;Negozi;NORMALE;P;800;1200;L;4;6,5;L
NORD-OVEST;LOMBARDIA;MI;3015146;C1AA; ;F205;MILANO;E;E5;MI00004784;'BAGGIO, Q. ROMANO, MUGGIANO';6;Uffici;OTTIMO;P;900;1200;L;4,5;5,5;L
NORD-OVEST;LOMBARDIA;MI;3015146;C1AA; ;F205;MILANO;E;E5;MI00004784;'BAGGIO, Q. ROMANO, MUGGIANO';18;Uffici strutturati;OTTIMO;P;1600;2050;L;9,3;12,3;L
NORD-OVEST;LOMBARDIA;MI;3015146;C1AA; ;F205;MILANO;E;E5;MI00004784;'BAGGIO, Q. ROMANO, MUGGIANO';8;Capannoni industriali;OTTIMO;P;600;850;L;3,5;5,2;L
NORD-OVEST;LOMBARDIA;MI;3015146;C1AA; ;F205;MILANO;E;E5;MI00004784;'BAGGIO, Q. ROMANO, MUGGIANO';7;Capannoni tipici;OTTIMO;P;600;900;L;3,6;5,2;L
NORD-OVEST;LOMBARDIA;MI;3015146;C1AA; ;F205;MILANO;E;E5;MI00004784;'BAGGIO, Q. ROMANO, MUGGIANO';10;Laboratori;NORMALE;P;500;700;L;3;4;L
NORD-OVEST;LOMBARDIA;MI;3015146;C1AA; ;F205;MILANO;E;E6;MI00004785;'GALLARATESE, LAMPUGNANO, P. TRENNO, BONOLA';20;Abitazioni civili;OTTIMO;;2450;2900;L;8;10,2;L
NORD-OVEST;LOMBARDIA;MI;3015146;C1AA; ;F205;MILANO;E;E6;MI00004785;'GALLARATESE, LAMPUGNANO, P. TRENNO, BONOLA';20;Abitazioni civili;NORMALE;P;1650;2350;L;5,8;7;L
NORD-OVEST;LOMBARDIA;MI;3015146;C1AA; ;F205;MILANO;E;E6;MI00004785;'GALLARATESE, LAMPUGNANO, P. TRENNO, BONOLA';21;Abitazioni di tipo economico;OTTIMO;;1700;1800;L;5,6;6,4;L
NORD-OVEST;LOMBARDIA;MI;3015146;C1AA; ;F205;MILANO;E;E6;MI00004785;'GALLARATESE, LAMPUGNANO, P. TRENNO, BONOLA';21;Abitazioni di tipo economico;NORMALE;P;1200;1600;L;4;5,5;L
NORD-OVEST;LOMBARDIA;MI;3015146;C1AA; ;F205;MILANO;E;E6;MI00004785;'GALLARATESE, LAMPUGNANO, P. TRENNO, BONOLA';13;Box;NORMALE;P;1300;1500;L;5,5;6,5;L
NORD-OVEST;LOMBARDIA;MI;3015146;C1AA; ;F205;MILANO;E;E6;MI00004785;'GALLARATESE, LAMPUGNANO, P. TRENNO, BONOLA';9;Magazzini;NORMALE;P;300;450;L;1,8;2,5;L
NORD-OVEST;LOMBARDIA;MI;3015146;C1AA; ;F205;MILANO;E;E6;MI00004785;'GALLARATESE, LAMPUGNANO, P. TRENNO, BONOLA';5;Negozi;NORMALE;P;900;1400;L;5;9;L
NORD-OVEST;LOMBARDIA;MI;3015146;C1AA; ;F205;MILANO;E;E6;MI00004785;'GALLARATESE, LAMPUGNANO, P. TRENNO, BONOLA';6;Uffici;OTTIMO;P;1200;1600;L;6;8;L
NORD-OVEST;LOMBARDIA;MI;3015146;C1AA; ;F205;MILANO;E;E6;MI00004785;'GALLARATESE, LAMPUGNANO, P. TRENNO, BONOLA';18;Uffici strutturati;OTTIMO;P;1700;2400;L;9,5;13,8;L
NORD-OVEST;LOMBARDIA;MI;3015146;C1AA; ;F205;MILANO;E;E6;MI00004785;'GALLARATESE, LAMPUGNANO, P. TRENNO, BONOLA';8;Capannoni industriali;OTTIMO;P;700;950;L;4;5,5;L
NORD-OVEST;LOMBARDIA;MI;3015146;C1AA; ;F205;MILANO;E;E6;MI00004785;'GALLARATESE, LAMPUGNANO, P. TRENNO, BONOLA';7;Capannoni tipici;OTTIMO;P;700;950;L;4;6;L
NORD-OVEST;LOMBARDIA;MI;3015146;C1AA; ;F205;MILANO;E;E6;MI00004785;'GALLARATESE, LAMPUGNANO, P. TRENNO, BONOLA';10;Laboratori;NORMALE;P;500;700;L;3;4;L
NORD-OVEST;LOMBARDIA;MI;3015146;C1AA; ;F205;MILANO;E;E7;MI00004786;'MISSAGLIA, GRATOSOGLIO';20;Abitazioni civili;OTTIMO;;2000;2900;L;6,8;9,8;L
NORD-OVEST;LOMBARDIA;MI;3015146;C1AA; ;F205;MILANO;E;E7;MI00004786;'MISSAGLIA, GRATOSOGLIO';20;Abitazioni civili;NORMALE;P;1700;2000;L;5;6,5;L
NORD-OVEST;LOMBARDIA;MI;3015146;C1AA; ;F205;MILANO;E;E7;MI00004786;'MISSAGLIA, GRATOSOGLIO';21;Abitazioni di tipo economico;OTTIMO;;1300;1800;L;4,5;6;L
NORD-OVEST;LOMBARDIA;MI;3015146;C1AA; ;F205;MILANO;E;E7;MI00004786;'MISSAGLIA, GRATOSOGLIO';21;Abitazioni di tipo economico;NORMALE;P;1100;1250;L;3,8;4,2;L
NORD-OVEST;LOMBARDIA;MI;3015146;C1AA; ;F205;MILANO;E;E7;MI00004786;'MISSAGLIA, GRATOSOGLIO';13;Box;NORMALE;P;1300;1750;L;5,5;7,5;L
NORD-OVEST;LOMBARDIA;MI;3015146;C1AA; ;F205;MILANO;E;E7;MI00004786;'MISSAGLIA, GRATOSOGLIO';9;Magazzini;NORMALE;P;350;500;L;2;3;L
NORD-OVEST;LOMBARDIA;MI;3015146;C1AA; ;F205;MILANO;E;E7;MI00004786;'MISSAGLIA, GRATOSOGLIO';5;Negozi;NORMALE;P;1000;1200;L;5;7;L
NORD-OVEST;LOMBARDIA;MI;3015146;C1AA; ;F205;MILANO;E;E7;MI00004786;'MISSAGLIA, GRATOSOGLIO';6;Uffici;OTTIMO;P;1300;1550;L;6,3;7,8;L
NORD-OVEST;LOMBARDIA;MI;3015146;C1AA; ;F205;MILANO;E;E7;MI00004786;'MISSAGLIA, GRATOSOGLIO';18;Uffici strutturati;OTTIMO;P;1400;1950;L;8,2;11,8;L
NORD-OVEST;LOMBARDIA;MI;3015146;C1AA; ;F205;MILANO;E;E7;MI00004786;'MISSAGLIA, GRATOSOGLIO';8;Capannoni industriali;OTTIMO;P;750;900;L;4,2;5,4;L
NORD-OVEST;LOMBARDIA;MI;3015146;C1AA; ;F205;MILANO;E;E7;MI00004786;'MISSAGLIA, GRATOSOGLIO';7;Capannoni tipici;OTTIMO;P;800;1000;L;4,2;5,5;L
NORD-OVEST;LOMBARDIA;MI;3015146;C1AA; ;F205;MILANO;E;E7;MI00004786;'MISSAGLIA, GRATOSOGLIO';10;Laboratori;NORMALE;P;500;700;L;3;4;L
NORD-OVEST;LOMBARDIA;MI;3015146;C1AA; ;F205;MILANO;E;E8;MI00004787;'QUARTO OGGIARO, SACCO';20;Abitazioni civili;OTTIMO;;1800;2700;L;6,5;9;L
NORD-OVEST;LOMBARDIA;MI;3015146;C1AA; ;F205;MILANO;E;E8;MI00004787;'QUARTO OGGIARO, SACCO';20;Abitazioni civili;NORMALE;P;1600;1750;L;5;6;L
NORD-OVEST;LOMBARDIA;MI;3015146;C1AA; ;F205;MILANO;E;E8;MI00004787;'QUARTO OGGIARO, SACCO';21;Abitazioni di tipo economico;OTTIMO;;1650;2000;L;5;6,5;L
NORD-OVEST;LOMBARDIA;MI;3015146;C1AA; ;F205;MILANO;E;E8;MI00004787;'QUARTO OGGIARO, SACCO';21;Abitazioni di tipo economico;NORMALE;P;1450;1600;L;4;5;L
NORD-OVEST;LOMBARDIA;MI;3015146;C1AA; ;F205;MILANO;E;E8;MI00004787;'QUARTO OGGIARO, SACCO';13;Box;NORMALE;P;1100;1400;L;4,5;5,5;L
NORD-OVEST;LOMBARDIA;MI;3015146;C1AA; ;F205;MILANO;E;E8;MI00004787;'QUARTO OGGIARO, SACCO';9;Magazzini;NORMALE;P;400;600;L;2,2;3,4;L
NORD-OVEST;LOMBARDIA;MI;3015146;C1AA; ;F205;MILANO;E;E8;MI00004787;'QUARTO OGGIARO, SACCO';5;Negozi;NORMALE;P;1000;1450;L;4,5;6,5;L
NORD-OVEST;LOMBARDIA;MI;3015146;C1AA; ;F205;MILANO;E;E8;MI00004787;'QUARTO OGGIARO, SACCO';6;Uffici;OTTIMO;P;1200;1600;L;6,5;8;L
NORD-OVEST;LOMBARDIA;MI;3015146;C1AA; ;F205;MILANO;E;E8;MI00004787;'QUARTO OGGIARO, SACCO';18;Uffici strutturati;OTTIMO;P;1550;2100;L;8,5;11;L
NORD-OVEST;LOMBARDIA;MI;3015146;C1AA; ;F205;MILANO;E;E8;MI00004787;'QUARTO OGGIARO, SACCO';8;Capannoni industriali;OTTIMO;P;750;950;L;4;4,8;L
NORD-OVEST;LOMBARDIA;MI;3015146;C1AA; ;F205;MILANO;E;E8;MI00004787;'QUARTO OGGIARO, SACCO';7;Capannoni tipici;OTTIMO;P;800;1000;L;4;5,2;L
NORD-OVEST;LOMBARDIA;MI;3015146;C1AA; ;F205;MILANO;E;E8;MI00004787;'QUARTO OGGIARO, SACCO';10;Laboratori;NORMALE;P;700;850;L;4;5;L
